IRS Status,Tax related,tax confidence,arrest,prison,privacy (Identity) threat,privacy (bank) threat,amount requested,payment methods,scam signals,court mentioned,urgency index,scam
IRS,FALSE,NONE,FALSE,FALSE,FALSE,FALSE,NONE,NONE,NONE,NONE,NONE,NO
IRS,FALSE,NONE,FALSE,FALSE,FALSE,FALSE,NONE,NONE,NONE,NONE,NONE,NO
IRS,FALSE,NONE,FALSE,FALSE,FALSE,FALSE,NONE,NONE,NONE,NONE,NONE,NO
IRS,FALSE,NONE,FALSE,FALSE,FALSE,FALSE,NONE,NONE,NONE,NONE,NONE,NO
IRS,FALSE,NONE,TRUE,FALSE,FALSE,FALSE,NONE,NONE,NONE,NONE,NONE,NO
IRS,FALSE,NONE,TRUE,FALSE,FALSE,FALSE,NONE,NONE,NONE,NONE,NONE,NO
IRS,FALSE,NONE,TRUE,FALSE,FALSE,FALSE,NONE,NONE,NONE,NONE,NONE,NO
IRS,FALSE,NONE,TRUE,FALSE,FALSE,FALSE,NONE,NONE,NONE,NONE,NONE,NO
IRS,FALSE,NONE,TRUE,FALSE,FALSE,FALSE,LOW,NONE,NONE,NONE,NONE,YES
IRS,FALSE,NONE,TRUE,FALSE,FALSE,FALSE,LOW,NONE,NONE,NONE,NONE,YES
IRS,FALSE,NONE,TRUE,FALSE,FALSE,FALSE,LOW,NONE,MULTIPLE,LOW,NONE,YES
IRS,FALSE,NONE,TRUE,FALSE,FALSE,FALSE,LOW,NONE,MULTIPLE,LOW,NONE,YES
IRS,FALSE,NONE,TRUE,FALSE,FALSE,FALSE,LOW,NONE,MULTIPLE,LOW,NONE,YES
IRS,FALSE,NONE,TRUE,FALSE,FALSE,FALSE,LOW,NONE,MULTIPLE,LOW,NONE,YES
IRS,FALSE,NONE,TRUE,FALSE,FALSE,FALSE,LOW,NONE,MULTIPLE,LOW,NONE,YES
IRS,FALSE,NONE,TRUE,FALSE,FALSE,FALSE,LOW,NONE,MULTIPLE,LOW,NONE,YES
IRS,FALSE,NONE,TRUE,FALSE,FALSE,FALSE,LOW,TRANSFER,MULTIPLE,LOW,NONE,YES
IRS,FALSE,NONE,TRUE,FALSE,FALSE,FALSE,LOW,TRANSFER,MULTIPLE,LOW,NONE,YES
IRS,FALSE,NONE,TRUE,FALSE,FALSE,FALSE,LOW,TRANSFER,MULTIPLE,LOW,NONE,YES
IRS,FALSE,NONE,TRUE,FALSE,FALSE,FALSE,LOW,TRANSFER,MULTIPLE,LOW,NONE,YES
IRS,FALSE,NONE,TRUE,FALSE,FALSE,FALSE,LOW,TRANSFER,MULTIPLE,LOW,NONE,YES
IRS,FALSE,NONE,TRUE,FALSE,FALSE,FALSE,LOW,TRANSFER,MULTIPLE,MEDIUM,NONE,YES
IRS,FALSE,NONE,TRUE,FALSE,FALSE,FALSE,LOW,TRANSFER,MULTIPLE,MEDIUM,NONE,YES
IRS,FALSE,NONE,TRUE,FALSE,FALSE,FALSE,LOW,TRANSFER,MULTIPLE,MEDIUM,NONE,YES
IRS,FALSE,NONE,TRUE,FALSE,FALSE,FALSE,LOW,TRANSFER,MULTIPLE,MEDIUM,NONE,YES
IRS,FALSE,NONE,TRUE,FALSE,FALSE,FALSE,LOW,TRANSFER,MULTIPLE,MEDIUM,NONE,YES
IRS,FALSE,NONE,TRUE,FALSE,FALSE,FALSE,LOW,TRANSFER,MULTIPLE,MEDIUM,NONE,YES
IRS,FALSE,NONE,TRUE,FALSE,FALSE,FALSE,LOW,TRANSFER,MULTIPLE,MEDIUM,NONE,YES
IRS,FALSE,NONE,TRUE,FALSE,FALSE,FALSE,LOW,TRANSFER,MULTIPLE,MEDIUM,NONE,YES
IRS,FALSE,NONE,TRUE,FALSE,FALSE,FALSE,LOW,TRANSFER,MULTIPLE,MEDIUM,NONE,YES
IRS,FALSE,NONE,TRUE,FALSE,FALSE,FALSE,LOW,TRANSFER,MULTIPLE,MEDIUM,NONE,YES
IRS,FALSE,NONE,TRUE,FALSE,FALSE,FALSE,LOW,TRANSFER,MULTIPLE,MEDIUM,NONE,YES
IRS,FALSE,NONE,TRUE,FALSE,FALSE,FALSE,LOW,TRANSFER,MULTIPLE,MEDIUM,NONE,YES
IRS,FALSE,NONE,TRUE,FALSE,FALSE,FALSE,LOW,TRANSFER,MULTIPLE,MEDIUM,NONE,YES
IRS,FALSE,NONE,TRUE,FALSE,FALSE,FALSE,LOW,TRANSFER,MULTIPLE,MEDIUM,NONE,YES
IRS,FALSE,NONE,TRUE,FALSE,FALSE,FALSE,LOW,TRANSFER,MULTIPLE,MEDIUM,NONE,YES
IRS,FALSE,NONE,TRUE,FALSE,FALSE,FALSE,LOW,TRANSFER,MULTIPLE,MEDIUM,NONE,YES
IRS,FALSE,NONE,FALSE,FALSE,FALSE,FALSE,NONE,NONE,NONE,NONE,NONE,NO
IRS,FALSE,NONE,FALSE,FALSE,FALSE,FALSE,NONE,NONE,NONE,NONE,NONE,NO
IRS,FALSE,NONE,FALSE,FALSE,FALSE,FALSE,NONE,NONE,NONE,NONE,NONE,NO
IRS,TRUE,LOW,FALSE,FALSE,FALSE,FALSE,NONE,NONE,NONE,NONE,NONE,NO
IRS,TRUE,LOW,FALSE,FALSE,FALSE,FALSE,NONE,NONE,NONE,NONE,NONE,NO
IRS,TRUE,LOW,FALSE,FALSE,FALSE,FALSE,NONE,NONE,NONE,NONE,NONE,NO
IRS,TRUE,LOW,TRUE,FALSE,FALSE,FALSE,NONE,NONE,NONE,NONE,NONE,NO
IRS,TRUE,LOW,TRUE,FALSE,FALSE,FALSE,NONE,NONE,NONE,NONE,NONE,NO
IRS,TRUE,LOW,TRUE,FALSE,FALSE,FALSE,NONE,NONE,MULTIPLE,NONE,NONE,NO
IRS,TRUE,LOW,TRUE,FALSE,FALSE,FALSE,NONE,NONE,MULTIPLE,NONE,NONE,NO
IRS,TRUE,MEDIUM,TRUE,FALSE,FALSE,FALSE,NONE,NONE,MULTIPLE,NONE,NONE,NO
IRS,TRUE,MEDIUM,TRUE,FALSE,FALSE,FALSE,MEDIUM,NONE,MULTIPLE,NONE,NONE,YES
IRS,TRUE,MEDIUM,TRUE,FALSE,FALSE,FALSE,MEDIUM,NONE,MULTIPLE,NONE,NONE,YES
IRS,TRUE,MEDIUM,TRUE,FALSE,FALSE,FALSE,MEDIUM,NONE,MULTIPLE,NONE,NONE,YES
IRS,TRUE,MEDIUM,TRUE,FALSE,FALSE,FALSE,MEDIUM,NONE,MULTIPLE,NONE,NONE,YES
IRS,TRUE,MEDIUM,TRUE,FALSE,FALSE,FALSE,MEDIUM,NONE,MULTIPLE,NONE,NONE,YES
IRS,TRUE,MEDIUM,TRUE,FALSE,FALSE,FALSE,MEDIUM,NONE,MULTIPLE,NONE,NONE,YES
IRS,TRUE,MEDIUM,TRUE,FALSE,FALSE,FALSE,MEDIUM,NONE,MULTIPLE,NONE,NONE,YES
IRS,TRUE,MEDIUM,TRUE,FALSE,FALSE,FALSE,MEDIUM,NONE,MULTIPLE,NONE,NONE,YES
IRS,TRUE,MEDIUM,TRUE,FALSE,FALSE,FALSE,MEDIUM,NONE,MULTIPLE,NONE,NONE,YES
IRS,TRUE,MEDIUM,TRUE,FALSE,FALSE,FALSE,MEDIUM,NONE,MULTIPLE,NONE,NONE,YES
IRS,TRUE,MEDIUM,TRUE,FALSE,FALSE,FALSE,MEDIUM,NONE,MULTIPLE,NONE,LOW,YES
IRS,TRUE,MEDIUM,TRUE,FALSE,FALSE,FALSE,MEDIUM,NONE,MULTIPLE,NONE,LOW,YES
IRS,TRUE,MEDIUM,TRUE,FALSE,FALSE,FALSE,MEDIUM,NONE,MULTIPLE,NONE,LOW,YES
IRS,TRUE,MEDIUM,TRUE,FALSE,FALSE,FALSE,MEDIUM,NONE,MULTIPLE,NONE,LOW,YES
IRS,TRUE,MEDIUM,TRUE,FALSE,FALSE,FALSE,MEDIUM,NONE,MULTIPLE,NONE,LOW,YES
IRS,TRUE,MEDIUM,TRUE,FALSE,FALSE,FALSE,MEDIUM,NONE,MULTIPLE,NONE,LOW,YES
IRS,TRUE,MEDIUM,TRUE,FALSE,FALSE,FALSE,MEDIUM,TAX_VOUCHER,MULTIPLE,NONE,LOW,YES
IRS,TRUE,MEDIUM,TRUE,FALSE,FALSE,FALSE,MEDIUM,TAX_VOUCHER,MULTIPLE,NONE,LOW,YES
IRS,TRUE,MEDIUM,TRUE,FALSE,FALSE,FALSE,MEDIUM,TAX_VOUCHER,MULTIPLE,NONE,LOW,YES
IRS,FALSE,NONE,FALSE,FALSE,FALSE,FALSE,NONE,NONE,NONE,NONE,NONE,NO
IRS,FALSE,NONE,FALSE,FALSE,FALSE,FALSE,NONE,NONE,NONE,NONE,NONE,NO
IRS,FALSE,NONE,FALSE,FALSE,FALSE,FALSE,NONE,NONE,NONE,NONE,NONE,NO
IRS,FALSE,NONE,FALSE,FALSE,FALSE,FALSE,NONE,NONE,NONE,NONE,NONE,NO
IRS,FALSE,NONE,FALSE,FALSE,FALSE,FALSE,NONE,NONE,NONE,NONE,NONE,NO
IRS,FALSE,NONE,FALSE,FALSE,FALSE,FALSE,NONE,NONE,NONE,NONE,NONE,NO
IRS,FALSE,NONE,FALSE,FALSE,FALSE,FALSE,NONE,NONE,NONE,NONE,NONE,NO
IRS,FALSE,NONE,FALSE,FALSE,FALSE,FALSE,NONE,NONE,NONE,NONE,NONE,NO
IRS,FALSE,NONE,FALSE,FALSE,FALSE,FALSE,NONE,NONE,NONE,NONE,NONE,NO
IRS,FALSE,NONE,TRUE,FALSE,TRUE,FALSE,NONE,NONE,NONE,NONE,NONE,YES
IRS,FALSE,NONE,TRUE,FALSE,TRUE,FALSE,NONE,NONE,NONE,NONE,NONE,YES
IRS,FALSE,NONE,TRUE,FALSE,TRUE,FALSE,NONE,NONE,NONE,NONE,NONE,YES
IRS,FALSE,NONE,TRUE,FALSE,TRUE,FALSE,NONE,NONE,NONE,NONE,NONE,YES
IRS,FALSE,NONE,TRUE,FALSE,TRUE,FALSE,NONE,NONE,NONE,NONE,NONE,YES
IRS,FALSE,NONE,TRUE,FALSE,TRUE,FALSE,NONE,NONE,NONE,NONE,NONE,YES
IRS,FALSE,NONE,TRUE,FALSE,TRUE,FALSE,NONE,NONE,NONE,NONE,NONE,YES
IRS,FALSE,NONE,TRUE,FALSE,TRUE,FALSE,NONE,NONE,NONE,NONE,NONE,YES
IRS,FALSE,NONE,TRUE,FALSE,TRUE,FALSE,NONE,NONE,NONE,NONE,NONE,YES
IRS,FALSE,NONE,TRUE,FALSE,TRUE,FALSE,NONE,NONE,NONE,NONE,NONE,YES
IRS,FALSE,NONE,TRUE,FALSE,TRUE,FALSE,NONE,NONE,NONE,NONE,NONE,YES
IRS,FALSE,NONE,TRUE,FALSE,TRUE,FALSE,NONE,NONE,NONE,NONE,NONE,YES
IRS,FALSE,NONE,TRUE,FALSE,TRUE,FALSE,NONE,NONE,NONE,NONE,NONE,YES
IRS,FALSE,NONE,TRUE,FALSE,TRUE,FALSE,NONE,NONE,NONE,NONE,NONE,YES
IRS,FALSE,NONE,TRUE,FALSE,TRUE,FALSE,NONE,NONE,NONE,NONE,NONE,YES
IRS,FALSE,NONE,TRUE,FALSE,TRUE,FALSE,NONE,NONE,NONE,NONE,NONE,YES
IRS,FALSE,NONE,TRUE,FALSE,TRUE,FALSE,NONE,NONE,NONE,NONE,NONE,YES
IRS,FALSE,NONE,TRUE,FALSE,TRUE,FALSE,NONE,NONE,NONE,NONE,NONE,YES
IRS,FALSE,NONE,TRUE,FALSE,TRUE,FALSE,NONE,NONE,NONE,NONE,NONE,YES
IRS,FALSE,NONE,TRUE,FALSE,TRUE,FALSE,NONE,NONE,NONE,NONE,NONE,YES
IRS,FALSE,NONE,TRUE,FALSE,TRUE,FALSE,NONE,NONE,NONE,NONE,NONE,YES
IRS,FALSE,NONE,TRUE,FALSE,TRUE,FALSE,NONE,NONE,NONE,NONE,NONE,YES
IRS,FALSE,NONE,TRUE,FALSE,TRUE,FALSE,NONE,NONE,NONE,NONE,NONE,YES
IRS,FALSE,NONE,TRUE,FALSE,TRUE,FALSE,NONE,NONE,NONE,NONE,NONE,YES
IRS,FALSE,NONE,TRUE,FALSE,TRUE,FALSE,NONE,NONE,NONE,NONE,NONE,YES
IRS,FALSE,NONE,TRUE,FALSE,TRUE,FALSE,NONE,NONE,NONE,NONE,NONE,YES
IRS,FALSE,NONE,TRUE,FALSE,TRUE,FALSE,NONE,NONE,NONE,NONE,NONE,YES
IRS,FALSE,NONE,TRUE,FALSE,TRUE,FALSE,NONE,NONE,NONE,NONE,NONE,YES
IRS,FALSE,NONE,TRUE,FALSE,TRUE,FALSE,NONE,NONE,NONE,NONE,NONE,YES
IRS,FALSE,NONE,TRUE,FALSE,TRUE,FALSE,NONE,NONE,NONE,NONE,NONE,YES
IRS,FALSE,NONE,TRUE,FALSE,TRUE,FALSE,NONE,TRANSFER,NONE,NONE,NONE,YES
IRS,FALSE,NONE,TRUE,FALSE,TRUE,FALSE,NONE,TRANSFER,NONE,NONE,NONE,YES
IRS,FALSE,NONE,TRUE,FALSE,TRUE,FALSE,NONE,TRANSFER,NONE,NONE,NONE,YES
IRS,FALSE,NONE,TRUE,FALSE,TRUE,FALSE,NONE,TRANSFER,NONE,NONE,NONE,YES
IRS,FALSE,NONE,TRUE,FALSE,TRUE,FALSE,NONE,TRANSFER,NONE,NONE,NONE,YES
IRS,FALSE,NONE,TRUE,FALSE,TRUE,FALSE,NONE,TRANSFER,NONE,NONE,NONE,YES
IRS,FALSE,NONE,TRUE,FALSE,TRUE,FALSE,NONE,TRANSFER,NONE,NONE,NONE,YES
IRS,FALSE,NONE,TRUE,FALSE,TRUE,FALSE,NONE,TRANSFER,NONE,NONE,NONE,YES
IRS,FALSE,NONE,FALSE,FALSE,FALSE,FALSE,NONE,NONE,NONE,NONE,NONE,NO
IRS,FALSE,NONE,FALSE,FALSE,FALSE,FALSE,NONE,NONE,NONE,NONE,NONE,NO
IRS,FALSE,NONE,FALSE,FALSE,FALSE,FALSE,NONE,NONE,NONE,NONE,NONE,NO
IRS,FALSE,NONE,FALSE,FALSE,FALSE,FALSE,NONE,NONE,NONE,NONE,NONE,NO
IRS,FALSE,NONE,FALSE,FALSE,FALSE,FALSE,NONE,NONE,NONE,NONE,NONE,NO
IRS,FALSE,NONE,FALSE,FALSE,FALSE,FALSE,NONE,NONE,NONE,NONE,NONE,NO
IRS,FALSE,NONE,FALSE,FALSE,FALSE,FALSE,NONE,NONE,NONE,NONE,NONE,NO
IRS,FALSE,NONE,FALSE,FALSE,FALSE,FALSE,NONE,NONE,NONE,NONE,NONE,NO
IRS,FALSE,NONE,FALSE,FALSE,FALSE,FALSE,NONE,NONE,NONE,NONE,NONE,NO
IRS,FALSE,NONE,TRUE,FALSE,TRUE,FALSE,NONE,NONE,NONE,NONE,NONE,NO
IRS,FALSE,NONE,TRUE,FALSE,TRUE,FALSE,NONE,NONE,NONE,NONE,NONE,NO
IRS,FALSE,NONE,TRUE,FALSE,TRUE,FALSE,NONE,NONE,NONE,NONE,NONE,NO
IRS,FALSE,NONE,TRUE,FALSE,TRUE,FALSE,NONE,NONE,NONE,NONE,NONE,NO
IRS,FALSE,NONE,TRUE,FALSE,TRUE,FALSE,NONE,NONE,NONE,NONE,NONE,NO
IRS,FALSE,NONE,TRUE,FALSE,TRUE,FALSE,NONE,NONE,NONE,NONE,NONE,NO
IRS,FALSE,NONE,TRUE,FALSE,TRUE,FALSE,NONE,NONE,NONE,NONE,NONE,NO
IRS,FALSE,NONE,TRUE,FALSE,TRUE,FALSE,NONE,NONE,NONE,NONE,NONE,NO
IRS,FALSE,NONE,TRUE,FALSE,TRUE,FALSE,MEDIUM,NONE,NONE,NONE,NONE,YES
IRS,FALSE,NONE,TRUE,FALSE,TRUE,FALSE,MEDIUM,NONE,NONE,NONE,NONE,YES
IRS,FALSE,NONE,TRUE,FALSE,TRUE,FALSE,MEDIUM,NONE,NONE,NONE,NONE,YES
IRS,FALSE,NONE,TRUE,FALSE,TRUE,FALSE,MEDIUM,NONE,NONE,NONE,NONE,YES
IRS,FALSE,NONE,TRUE,FALSE,TRUE,FALSE,MEDIUM,NONE,NONE,NONE,NONE,YES
IRS,FALSE,NONE,TRUE,FALSE,TRUE,FALSE,MEDIUM,NONE,NONE,NONE,NONE,YES
IRS,FALSE,NONE,TRUE,FALSE,TRUE,FALSE,MEDIUM,NONE,NONE,NONE,NONE,YES
IRS,FALSE,NONE,TRUE,FALSE,TRUE,FALSE,MEDIUM,NONE,NONE,NONE,NONE,YES
IRS,FALSE,NONE,TRUE,FALSE,TRUE,FALSE,MEDIUM,NONE,NONE,NONE,NONE,YES
IRS,FALSE,NONE,TRUE,FALSE,TRUE,FALSE,MEDIUM,NONE,NONE,NONE,NONE,YES
IRS,FALSE,NONE,TRUE,FALSE,TRUE,FALSE,MEDIUM,NONE,NONE,NONE,NONE,YES
IRS,FALSE,NONE,TRUE,FALSE,TRUE,FALSE,MEDIUM,NONE,NONE,NONE,NONE,YES
IRS,FALSE,NONE,TRUE,FALSE,TRUE,FALSE,MEDIUM,NONE,NONE,NONE,NONE,YES
IRS,FALSE,NONE,TRUE,FALSE,TRUE,FALSE,MEDIUM,NONE,NONE,NONE,NONE,YES
IRS,FALSE,NONE,TRUE,FALSE,TRUE,FALSE,MEDIUM,NONE,NONE,NONE,NONE,YES
IRS,FALSE,NONE,TRUE,FALSE,TRUE,FALSE,MEDIUM,NONE,NONE,NONE,NONE,YES
IRS,FALSE,NONE,TRUE,FALSE,TRUE,FALSE,MEDIUM,NONE,NONE,NONE,NONE,YES
IRS,FALSE,NONE,TRUE,FALSE,TRUE,FALSE,MEDIUM,NONE,NONE,NONE,NONE,YES
IRS,FALSE,NONE,TRUE,FALSE,TRUE,FALSE,MEDIUM,NONE,NONE,NONE,NONE,YES
IRS,FALSE,NONE,TRUE,FALSE,TRUE,FALSE,MEDIUM,NONE,NONE,NONE,NONE,YES
IRS,FALSE,NONE,TRUE,FALSE,TRUE,FALSE,MEDIUM,NONE,NONE,NONE,NONE,YES
IRS,FALSE,NONE,TRUE,FALSE,TRUE,FALSE,MEDIUM,NONE,NONE,NONE,NONE,YES
IRS,FALSE,NONE,TRUE,FALSE,TRUE,FALSE,MEDIUM,TRANSFER,NONE,NONE,NONE,YES
IRS,FALSE,NONE,TRUE,FALSE,TRUE,FALSE,MEDIUM,TRANSFER,NONE,NONE,NONE,YES
IRS,FALSE,NONE,TRUE,FALSE,TRUE,FALSE,MEDIUM,TRANSFER,NONE,NONE,NONE,YES
IRS,FALSE,NONE,TRUE,FALSE,TRUE,FALSE,MEDIUM,TRANSFER,NONE,NONE,NONE,YES
IRS,FALSE,NONE,TRUE,FALSE,TRUE,FALSE,MEDIUM,TRANSFER,NONE,NONE,NONE,YES
IRS,FALSE,NONE,TRUE,FALSE,TRUE,FALSE,MEDIUM,TRANSFER,NONE,NONE,NONE,YES
IRS,FALSE,NONE,TRUE,FALSE,TRUE,FALSE,MEDIUM,TRANSFER,NONE,NONE,NONE,YES
IRS,FALSE,NONE,TRUE,FALSE,TRUE,FALSE,MEDIUM,TRANSFER,NONE,NONE,NONE,YES
NOTIRS,FALSE,NONE,FALSE,FALSE,FALSE,FALSE,NONE,NONE,NONE,NONE,NONE,NO
NOTIRS,FALSE,NONE,FALSE,FALSE,FALSE,FALSE,NONE,NONE,NONE,NONE,NONE,NO
NOTIRS,FALSE,NONE,FALSE,FALSE,FALSE,FALSE,NONE,NONE,NONE,NONE,NONE,NO
IRS,FALSE,NONE,FALSE,FALSE,FALSE,FALSE,NONE,NONE,NONE,NONE,NONE,NO
IRS,FALSE,NONE,FALSE,FALSE,FALSE,FALSE,NONE,NONE,NONE,NONE,NONE,NO
IRS,FALSE,NONE,FALSE,FALSE,FALSE,FALSE,NONE,NONE,NONE,LOW,NONE,NO
IRS,TRUE,LOW,FALSE,FALSE,FALSE,FALSE,NONE,NONE,NONE,LOW,NONE,NO
IRS,TRUE,LOW,FALSE,FALSE,FALSE,FALSE,MEDIUM,NONE,NONE,LOW,NONE,YES
IRS,TRUE,LOW,FALSE,FALSE,FALSE,FALSE,MEDIUM,NONE,NONE,LOW,NONE,YES
IRS,TRUE,LOW,FALSE,FALSE,FALSE,FALSE,MEDIUM,NONE,NONE,MEDIUM,NONE,YES
IRS,TRUE,LOW,FALSE,FALSE,FALSE,FALSE,MEDIUM,NONE,NONE,MEDIUM,NONE,YES
IRS,TRUE,LOW,FALSE,FALSE,FALSE,FALSE,MEDIUM,NONE,NONE,MEDIUM,NONE,YES
IRS,TRUE,LOW,FALSE,FALSE,FALSE,FALSE,MEDIUM,NONE,NONE,MEDIUM,NONE,YES
IRS,TRUE,LOW,FALSE,FALSE,FALSE,FALSE,MEDIUM,NONE,NONE,MEDIUM,NONE,YES
IRS,TRUE,LOW,FALSE,FALSE,FALSE,FALSE,MEDIUM,NONE,NONE,MEDIUM,NONE,YES
IRS,TRUE,LOW,FALSE,FALSE,FALSE,FALSE,MEDIUM,NONE,NONE,MEDIUM,NONE,YES
IRS,TRUE,LOW,FALSE,FALSE,FALSE,FALSE,MEDIUM,NONE,NONE,MEDIUM,NONE,YES
IRS,TRUE,LOW,FALSE,FALSE,FALSE,FALSE,MEDIUM,NONE,NONE,HIGH,NONE,YES
IRS,TRUE,LOW,FALSE,FALSE,FALSE,FALSE,MEDIUM,NONE,NONE,HIGH,NONE,YES
IRS,TRUE,LOW,FALSE,FALSE,FALSE,FALSE,MEDIUM,NONE,NONE,HIGH,NONE,YES
IRS,TRUE,LOW,FALSE,FALSE,FALSE,FALSE,MEDIUM,NONE,NONE,HIGH,NONE,YES
IRS,TRUE,LOW,FALSE,FALSE,FALSE,FALSE,MEDIUM,NONE,NONE,HIGH,NONE,YES
IRS,TRUE,LOW,FALSE,FALSE,FALSE,FALSE,MEDIUM,NONE,NONE,HIGH,NONE,YES
IRS,TRUE,MEDIUM,FALSE,FALSE,FALSE,FALSE,MEDIUM,NONE,NONE,HIGH,NONE,YES
IRS,TRUE,MEDIUM,FALSE,FALSE,FALSE,FALSE,MEDIUM,NONE,NONE,HIGH,LOW,YES
IRS,TRUE,MEDIUM,FALSE,FALSE,FALSE,FALSE,MEDIUM,NONE,NONE,HIGH,LOW,YES
IRS,TRUE,MEDIUM,FALSE,FALSE,FALSE,FALSE,MEDIUM,NONE,RECORD,HIGH,LOW,YES
IRS,TRUE,MEDIUM,FALSE,FALSE,FALSE,FALSE,MEDIUM,NONE,RECORD,HIGH,LOW,YES
IRS,TRUE,MEDIUM,FALSE,FALSE,FALSE,FALSE,MEDIUM,NONE,RECORD,HIGH,LOW,YES
IRS,TRUE,MEDIUM,FALSE,FALSE,FALSE,FALSE,MEDIUM,NONE,RECORD,HIGH,LOW,YES
IRS,TRUE,MEDIUM,FALSE,FALSE,FALSE,FALSE,MEDIUM,NONE,RECORD,HIGH,LOW,YES
IRS,TRUE,MEDIUM,FALSE,FALSE,FALSE,FALSE,MEDIUM,NONE,RECORD,HIGH,LOW,YES
IRS,TRUE,MEDIUM,FALSE,FALSE,FALSE,FALSE,MEDIUM,BANK_CARD,RECORD,HIGH,LOW,YES
IRS,TRUE,MEDIUM,FALSE,FALSE,FALSE,FALSE,MEDIUM,BANK_CARD,RECORD,HIGH,LOW,YES
IRS,TRUE,MEDIUM,FALSE,FALSE,FALSE,FALSE,MEDIUM,BANK_CARD,RECORD,HIGH,LOW,YES
IRS,TRUE,MEDIUM,FALSE,FALSE,FALSE,FALSE,MEDIUM,BANK_CARD,RECORD,HIGH,LOW,YES
IRS,TRUE,MEDIUM,FALSE,FALSE,FALSE,FALSE,MEDIUM,BANK_CARD,RECORD,HIGH,LOW,YES
IRS,TRUE,MEDIUM,FALSE,FALSE,FALSE,FALSE,MEDIUM,BANK_CARD,RECORD,HIGH,LOW,YES
IRS,TRUE,MEDIUM,FALSE,FALSE,FALSE,FALSE,MEDIUM,BANK_CARD,RECORD,HIGH,LOW,YES
IRS,TRUE,MEDIUM,FALSE,FALSE,FALSE,FALSE,MEDIUM,TAX_VOUCHER,RECORD,HIGH,LOW,YES
IRS,TRUE,MEDIUM,FALSE,FALSE,FALSE,FALSE,MEDIUM,TAX_VOUCHER,RECORD,HIGH,LOW,YES
IRS,TRUE,MEDIUM,FALSE,FALSE,FALSE,FALSE,MEDIUM,TAX_VOUCHER,RECORD,HIGH,LOW,YES
IRS,TRUE,MEDIUM,FALSE,FALSE,FALSE,FALSE,MEDIUM,TAX_VOUCHER,RECORD,HIGH,LOW,YES
IRS,TRUE,MEDIUM,FALSE,FALSE,FALSE,FALSE,MEDIUM,TAX_VOUCHER,RECORD,HIGH,LOW,YES
IRS,TRUE,MEDIUM,FALSE,FALSE,FALSE,FALSE,MEDIUM,TAX_VOUCHER,RECORD,HIGH,LOW,YES
IRS,TRUE,MEDIUM,FALSE,FALSE,FALSE,FALSE,MEDIUM,TAX_VOUCHER,RECORD,HIGH,LOW,YES
IRS,TRUE,MEDIUM,FALSE,FALSE,FALSE,FALSE,MEDIUM,TAX_VOUCHER,RECORD,HIGH,LOW,YES
IRS,TRUE,MEDIUM,FALSE,FALSE,FALSE,FALSE,MEDIUM,TAX_VOUCHER,RECORD,HIGH,LOW,YES
IRS,TRUE,MEDIUM,FALSE,FALSE,FALSE,FALSE,MEDIUM,TAX_VOUCHER,RECORD,HIGH,LOW,YES
IRS,TRUE,MEDIUM,FALSE,FALSE,FALSE,FALSE,MEDIUM,TAX_VOUCHER,RECORD,HIGH,LOW,YES
IRS,TRUE,HIGH,FALSE,FALSE,FALSE,FALSE,MEDIUM,TAX_VOUCHER,RECORD,HIGH,LOW,YES
IRS,TRUE,HIGH,FALSE,FALSE,FALSE,FALSE,MEDIUM,TAX_VOUCHER,RECORD,HIGH,LOW,YES
IRS,TRUE,HIGH,FALSE,FALSE,FALSE,FALSE,MEDIUM,TAX_VOUCHER,RECORD,HIGH,LOW,YES
IRS,TRUE,HIGH,FALSE,FALSE,FALSE,FALSE,MEDIUM,TAX_VOUCHER,RECORD,HIGH,LOW,YES
IRS,FALSE,NONE,FALSE,FALSE,FALSE,FALSE,NONE,NONE,NONE,NONE,NONE,NO
IRS,FALSE,NONE,FALSE,FALSE,FALSE,FALSE,NONE,NONE,NONE,NONE,NONE,NO
IRS,FALSE,NONE,FALSE,FALSE,FALSE,FALSE,NONE,NONE,NONE,NONE,NONE,NO
IRS,FALSE,NONE,FALSE,FALSE,FALSE,FALSE,NONE,NONE,NONE,NONE,NONE,NO
IRS,FALSE,NONE,FALSE,FALSE,FALSE,FALSE,NONE,NONE,NONE,LOW,NONE,NO
IRS,FALSE,NONE,FALSE,FALSE,FALSE,FALSE,NONE,NONE,NONE,LOW,NONE,NO
IRS,FALSE,NONE,FALSE,FALSE,FALSE,FALSE,NONE,NONE,NONE,LOW,NONE,NO
IRS,FALSE,NONE,FALSE,FALSE,FALSE,FALSE,NONE,NONE,NONE,LOW,NONE,NO
IRS,FALSE,NONE,FALSE,FALSE,FALSE,FALSE,HIGH,NONE,NONE,LOW,NONE,YES
IRS,FALSE,NONE,FALSE,TRUE,FALSE,FALSE,HIGH,NONE,NONE,LOW,NONE,YES
IRS,FALSE,NONE,FALSE,TRUE,FALSE,FALSE,HIGH,NONE,NONE,LOW,NONE,YES
IRS,FALSE,NONE,FALSE,TRUE,FALSE,FALSE,HIGH,NONE,NONE,LOW,NONE,YES
IRS,FALSE,NONE,FALSE,TRUE,FALSE,FALSE,HIGH,NONE,NONE,LOW,NONE,YES
IRS,FALSE,NONE,FALSE,TRUE,FALSE,FALSE,HIGH,NONE,NONE,LOW,NONE,YES
IRS,FALSE,NONE,FALSE,TRUE,FALSE,FALSE,HIGH,NONE,NONE,LOW,NONE,YES
IRS,FALSE,NONE,FALSE,TRUE,FALSE,FALSE,HIGH,NONE,NONE,LOW,NONE,YES
IRS,FALSE,NONE,FALSE,TRUE,FALSE,FALSE,HIGH,NONE,ON_HOLD,LOW,NONE,YES
IRS,FALSE,NONE,FALSE,TRUE,FALSE,FALSE,HIGH,NONE,ON_HOLD,LOW,NONE,YES
IRS,FALSE,NONE,FALSE,TRUE,FALSE,FALSE,HIGH,NONE,ON_HOLD,LOW,NONE,YES
IRS,FALSE,NONE,FALSE,TRUE,FALSE,FALSE,HIGH,NONE,ON_HOLD,LOW,NONE,YES
IRS,FALSE,NONE,FALSE,TRUE,FALSE,FALSE,HIGH,NONE,ON_HOLD,LOW,NONE,YES
IRS,FALSE,NONE,FALSE,TRUE,FALSE,FALSE,HIGH,NONE,ON_HOLD,LOW,NONE,YES
IRS,FALSE,NONE,FALSE,TRUE,FALSE,FALSE,HIGH,NONE,ON_HOLD,LOW,NONE,YES
IRS,FALSE,NONE,FALSE,TRUE,FALSE,FALSE,HIGH,NONE,ON_HOLD,LOW,NONE,YES
IRS,FALSE,NONE,FALSE,TRUE,FALSE,FALSE,HIGH,NONE,ON_HOLD,LOW,NONE,YES
IRS,FALSE,NONE,FALSE,TRUE,FALSE,FALSE,HIGH,NONE,ON_HOLD,LOW,NONE,YES
IRS,FALSE,NONE,TRUE,TRUE,FALSE,TRUE,HIGH,NONE,ON_HOLD,LOW,NONE,YES
IRS,FALSE,NONE,TRUE,TRUE,FALSE,TRUE,HIGH,NONE,ON_HOLD,LOW,LOW,YES
IRS,FALSE,NONE,TRUE,TRUE,FALSE,TRUE,HIGH,NONE,ON_HOLD,LOW,LOW,YES
IRS,FALSE,NONE,TRUE,TRUE,FALSE,TRUE,HIGH,NONE,ON_HOLD,LOW,LOW,YES
IRS,FALSE,NONE,TRUE,TRUE,FALSE,TRUE,HIGH,NONE,MULTIPLE,LOW,LOW,YES
IRS,FALSE,NONE,TRUE,TRUE,FALSE,TRUE,HIGH,NONE,MULTIPLE,LOW,LOW,YES
IRS,FALSE,NONE,TRUE,TRUE,FALSE,TRUE,HIGH,NONE,MULTIPLE,MEDIUM,LOW,YES
IRS,FALSE,NONE,TRUE,TRUE,FALSE,TRUE,HIGH,NONE,MULTIPLE,MEDIUM,LOW,YES
IRS,FALSE,NONE,TRUE,TRUE,FALSE,TRUE,HIGH,NONE,MULTIPLE,MEDIUM,LOW,YES
IRS,FALSE,NONE,TRUE,TRUE,FALSE,TRUE,HIGH,NONE,MULTIPLE,MEDIUM,LOW,YES
IRS,FALSE,NONE,TRUE,TRUE,FALSE,TRUE,HIGH,NONE,MULTIPLE,MEDIUM,LOW,YES
IRS,FALSE,NONE,TRUE,TRUE,FALSE,TRUE,HIGH,NONE,MULTIPLE,MEDIUM,LOW,YES
IRS,FALSE,NONE,TRUE,TRUE,FALSE,TRUE,HIGH,NONE,MULTIPLE,MEDIUM,LOW,YES
IRS,FALSE,NONE,TRUE,TRUE,FALSE,TRUE,HIGH,NONE,MULTIPLE,MEDIUM,LOW,YES
IRS,FALSE,NONE,TRUE,TRUE,FALSE,TRUE,HIGH,NONE,MULTIPLE,MEDIUM,LOW,YES
IRS,FALSE,NONE,TRUE,TRUE,FALSE,TRUE,HIGH,NONE,MULTIPLE,MEDIUM,LOW,YES
IRS,FALSE,NONE,FALSE,FALSE,FALSE,FALSE,NONE,NONE,NONE,NONE,NONE,NO
IRS,FALSE,NONE,FALSE,FALSE,FALSE,FALSE,NONE,NONE,NONE,NONE,NONE,NO
IRS,FALSE,NONE,FALSE,FALSE,FALSE,FALSE,NONE,NONE,NONE,NONE,NONE,NO
IRS,FALSE,NONE,FALSE,FALSE,FALSE,FALSE,NONE,NONE,NONE,NONE,NONE,NO
IRS,FALSE,NONE,TRUE,FALSE,FALSE,FALSE,NONE,NONE,NONE,NONE,NONE,NO
IRS,FALSE,NONE,TRUE,FALSE,FALSE,FALSE,NONE,NONE,NONE,NONE,NONE,NO
IRS,FALSE,NONE,TRUE,FALSE,FALSE,FALSE,NONE,NONE,NONE,NONE,NONE,NO
IRS,FALSE,NONE,TRUE,FALSE,FALSE,FALSE,NONE,NONE,NONE,NONE,NONE,NO
IRS,FALSE,NONE,TRUE,FALSE,FALSE,FALSE,NONE,NONE,NONE,NONE,NONE,NO
IRS,FALSE,NONE,TRUE,FALSE,FALSE,FALSE,NONE,NONE,NONE,NONE,NONE,NO
IRS,FALSE,NONE,TRUE,FALSE,FALSE,FALSE,NONE,NONE,NONE,NONE,NONE,NO
IRS,FALSE,NONE,TRUE,FALSE,FALSE,FALSE,NONE,NONE,NONE,NONE,NONE,NO
IRS,FALSE,NONE,TRUE,FALSE,FALSE,FALSE,NONE,NONE,NONE,NONE,NONE,NO
IRS,FALSE,NONE,TRUE,FALSE,FALSE,FALSE,NONE,NONE,RECORD,NONE,NONE,NO
IRS,FALSE,NONE,TRUE,FALSE,FALSE,FALSE,NONE,NONE,RECORD,NONE,NONE,NO
IRS,FALSE,NONE,TRUE,FALSE,FALSE,FALSE,NONE,NONE,RECORD,NONE,NONE,NO
IRS,FALSE,NONE,TRUE,FALSE,FALSE,FALSE,NONE,NONE,RECORD,NONE,NONE,NO
IRS,TRUE,LOW,TRUE,FALSE,FALSE,FALSE,NONE,NONE,RECORD,NONE,NONE,NO
IRS,TRUE,LOW,TRUE,FALSE,FALSE,FALSE,NONE,NONE,RECORD,NONE,NONE,NO
IRS,TRUE,LOW,TRUE,FALSE,FALSE,FALSE,NONE,NONE,RECORD,NONE,NONE,NO
IRS,TRUE,LOW,TRUE,FALSE,FALSE,FALSE,NONE,NONE,RECORD,NONE,NONE,NO
IRS,TRUE,LOW,TRUE,FALSE,FALSE,FALSE,NONE,NONE,RECORD,NONE,NONE,NO
IRS,TRUE,LOW,TRUE,FALSE,FALSE,FALSE,NONE,NONE,RECORD,NONE,NONE,NO
IRS,TRUE,LOW,TRUE,FALSE,FALSE,FALSE,NONE,NONE,RECORD,NONE,NONE,NO
IRS,TRUE,LOW,TRUE,FALSE,FALSE,FALSE,NONE,NONE,RECORD,NONE,NONE,NO
IRS,TRUE,LOW,TRUE,FALSE,FALSE,FALSE,NONE,NONE,RECORD,NONE,NONE,NO
IRS,TRUE,LOW,TRUE,FALSE,FALSE,FALSE,NONE,NONE,RECORD,LOW,NONE,NO
IRS,TRUE,LOW,TRUE,FALSE,FALSE,FALSE,NONE,NONE,RECORD,LOW,NONE,NO
IRS,TRUE,LOW,TRUE,FALSE,FALSE,FALSE,MEDIUM,NONE,MULTIPLE,LOW,NONE,YES
IRS,TRUE,LOW,TRUE,FALSE,FALSE,FALSE,MEDIUM,NONE,MULTIPLE,LOW,NONE,YES
IRS,TRUE,LOW,TRUE,FALSE,FALSE,FALSE,MEDIUM,NONE,MULTIPLE,LOW,NONE,YES
IRS,TRUE,LOW,TRUE,FALSE,FALSE,FALSE,MEDIUM,NONE,MULTIPLE,LOW,NONE,YES
IRS,TRUE,LOW,TRUE,FALSE,FALSE,FALSE,MEDIUM,NONE,MULTIPLE,LOW,NONE,YES
IRS,TRUE,LOW,TRUE,FALSE,FALSE,FALSE,MEDIUM,NONE,MULTIPLE,LOW,NONE,YES
IRS,TRUE,LOW,TRUE,FALSE,FALSE,FALSE,MEDIUM,NONE,MULTIPLE,LOW,NONE,YES
IRS,TRUE,LOW,TRUE,FALSE,FALSE,FALSE,MEDIUM,NONE,MULTIPLE,LOW,NONE,YES
IRS,TRUE,LOW,TRUE,FALSE,FALSE,FALSE,MEDIUM,TAX_VOUCHER,MULTIPLE,LOW,NONE,YES
IRS,TRUE,LOW,TRUE,FALSE,FALSE,FALSE,MEDIUM,TAX_VOUCHER,MULTIPLE,LOW,NONE,YES
IRS,TRUE,LOW,TRUE,FALSE,FALSE,FALSE,MEDIUM,TAX_VOUCHER,MULTIPLE,LOW,NONE,YES
IRS,TRUE,LOW,TRUE,FALSE,FALSE,FALSE,MEDIUM,TAX_VOUCHER,MULTIPLE,LOW,NONE,YES
IRS,TRUE,LOW,TRUE,FALSE,FALSE,FALSE,MEDIUM,TAX_VOUCHER,MULTIPLE,LOW,NONE,YES
IRS,TRUE,LOW,TRUE,FALSE,FALSE,FALSE,MEDIUM,TAX_VOUCHER,MULTIPLE,LOW,NONE,YES
IRS,TRUE,LOW,TRUE,FALSE,FALSE,FALSE,MEDIUM,TAX_VOUCHER,MULTIPLE,LOW,NONE,YES
IRS,TRUE,LOW,TRUE,FALSE,FALSE,FALSE,MEDIUM,TAX_VOUCHER,MULTIPLE,LOW,NONE,YES
IRS,TRUE,LOW,TRUE,FALSE,FALSE,FALSE,MEDIUM,TAX_VOUCHER,MULTIPLE,LOW,NONE,YES
IRS,TRUE,LOW,TRUE,FALSE,FALSE,FALSE,MEDIUM,TAX_VOUCHER,MULTIPLE,LOW,NONE,YES
IRS,TRUE,LOW,TRUE,FALSE,FALSE,FALSE,MEDIUM,TAX_VOUCHER,MULTIPLE,LOW,NONE,YES
IRS,TRUE,LOW,TRUE,FALSE,FALSE,FALSE,MEDIUM,TAX_VOUCHER,MULTIPLE,LOW,NONE,YES
IRS,TRUE,MEDIUM,TRUE,FALSE,FALSE,FALSE,MEDIUM,TAX_VOUCHER,MULTIPLE,LOW,NONE,YES
IRS,TRUE,MEDIUM,TRUE,FALSE,FALSE,FALSE,MEDIUM,TAX_VOUCHER,MULTIPLE,LOW,NONE,YES
IRS,TRUE,MEDIUM,TRUE,FALSE,FALSE,FALSE,MEDIUM,TAX_VOUCHER,MULTIPLE,LOW,NONE,YES
IRS,TRUE,MEDIUM,TRUE,FALSE,FALSE,FALSE,MEDIUM,TAX_VOUCHER,MULTIPLE,LOW,NONE,YES
NOTIRS,FALSE,NONE,FALSE,FALSE,FALSE,FALSE,NONE,NONE,NONE,NONE,NONE,NO
IRS,FALSE,NONE,FALSE,FALSE,TRUE,FALSE,NONE,NONE,NONE,NONE,NONE,NO
IRS,TRUE,LOW,FALSE,FALSE,TRUE,FALSE,NONE,NONE,NONE,NONE,NONE,NO
IRS,TRUE,LOW,FALSE,FALSE,TRUE,FALSE,NONE,NONE,NONE,NONE,NONE,NO
IRS,TRUE,LOW,FALSE,FALSE,TRUE,FALSE,NONE,NONE,NONE,NONE,NONE,NO
IRS,TRUE,LOW,FALSE,FALSE,TRUE,FALSE,NONE,NONE,NONE,NONE,NONE,NO
IRS,TRUE,LOW,FALSE,FALSE,TRUE,FALSE,NONE,NONE,NONE,NONE,NONE,NO
IRS,TRUE,LOW,FALSE,FALSE,TRUE,FALSE,NONE,NONE,MULTIPLE,NONE,NONE,NO
IRS,TRUE,LOW,FALSE,FALSE,TRUE,FALSE,NONE,NONE,MULTIPLE,NONE,NONE,NO
IRS,TRUE,LOW,FALSE,FALSE,TRUE,FALSE,NONE,NONE,MULTIPLE,NONE,NONE,NO
IRS,TRUE,LOW,FALSE,FALSE,TRUE,FALSE,NONE,NONE,MULTIPLE,NONE,NONE,NO
IRS,TRUE,LOW,FALSE,FALSE,TRUE,FALSE,MEDIUM,NONE,MULTIPLE,NONE,NONE,YES
IRS,TRUE,LOW,FALSE,FALSE,TRUE,FALSE,MEDIUM,NONE,MULTIPLE,NONE,NONE,YES
IRS,TRUE,LOW,FALSE,FALSE,TRUE,FALSE,MEDIUM,NONE,MULTIPLE,NONE,NONE,YES
IRS,TRUE,MEDIUM,FALSE,FALSE,TRUE,FALSE,MEDIUM,NONE,MULTIPLE,NONE,NONE,YES
IRS,TRUE,MEDIUM,FALSE,FALSE,TRUE,FALSE,MEDIUM,NONE,MULTIPLE,NONE,NONE,YES
IRS,TRUE,MEDIUM,FALSE,FALSE,TRUE,TRUE,MEDIUM,NONE,MULTIPLE,NONE,NONE,YES
IRS,TRUE,MEDIUM,FALSE,FALSE,TRUE,TRUE,MEDIUM,NONE,MULTIPLE,NONE,NONE,YES
IRS,TRUE,MEDIUM,FALSE,FALSE,TRUE,TRUE,MEDIUM,NONE,MULTIPLE,NONE,NONE,YES
IRS,TRUE,MEDIUM,FALSE,FALSE,TRUE,TRUE,MEDIUM,NONE,MULTIPLE,NONE,NONE,YES
IRS,TRUE,MEDIUM,FALSE,FALSE,TRUE,TRUE,MEDIUM,NONE,MULTIPLE,NONE,NONE,YES
IRS,TRUE,MEDIUM,FALSE,FALSE,TRUE,TRUE,MEDIUM,NONE,MULTIPLE,NONE,NONE,YES
IRS,TRUE,MEDIUM,FALSE,FALSE,TRUE,TRUE,MEDIUM,NONE,MULTIPLE,NONE,NONE,YES
IRS,TRUE,MEDIUM,FALSE,TRUE,TRUE,TRUE,MEDIUM,NONE,MULTIPLE,NONE,NONE,YES
IRS,TRUE,MEDIUM,FALSE,TRUE,TRUE,TRUE,MEDIUM,NONE,MULTIPLE,NONE,NONE,YES
IRS,TRUE,MEDIUM,FALSE,TRUE,TRUE,TRUE,MEDIUM,NONE,MULTIPLE,NONE,NONE,YES
IRS,TRUE,MEDIUM,FALSE,TRUE,TRUE,TRUE,MEDIUM,NONE,MULTIPLE,NONE,NONE,YES
IRS,TRUE,HIGH,FALSE,TRUE,TRUE,TRUE,MEDIUM,NONE,MULTIPLE,NONE,NONE,YES
IRS,TRUE,HIGH,FALSE,TRUE,TRUE,TRUE,MEDIUM,NONE,MULTIPLE,NONE,NONE,YES
NOTIRS,FALSE,NONE,FALSE,FALSE,FALSE,FALSE,NONE,NONE,NONE,NONE,NONE,NO
IRS,TRUE,LOW,FALSE,FALSE,FALSE,FALSE,NONE,NONE,NONE,NONE,NONE,NO
IRS,TRUE,MEDIUM,FALSE,FALSE,FALSE,FALSE,NONE,NONE,NONE,NONE,NONE,NO
IRS,TRUE,MEDIUM,FALSE,FALSE,FALSE,FALSE,NONE,NONE,NONE,NONE,NONE,NO
IRS,TRUE,MEDIUM,FALSE,FALSE,TRUE,FALSE,NONE,NONE,NONE,NONE,NONE,YES
IRS,TRUE,MEDIUM,FALSE,FALSE,TRUE,FALSE,NONE,NONE,NONE,NONE,NONE,YES
IRS,TRUE,MEDIUM,FALSE,FALSE,TRUE,FALSE,NONE,NONE,NONE,NONE,NONE,YES
IRS,TRUE,MEDIUM,FALSE,FALSE,TRUE,FALSE,MEDIUM,NONE,NONE,NONE,NONE,YES
IRS,TRUE,MEDIUM,FALSE,FALSE,TRUE,FALSE,MEDIUM,NONE,NONE,NONE,NONE,YES
IRS,TRUE,MEDIUM,FALSE,FALSE,TRUE,FALSE,MEDIUM,NONE,NONE,NONE,NONE,YES
IRS,TRUE,MEDIUM,FALSE,FALSE,TRUE,FALSE,MEDIUM,NONE,RECORD,NONE,NONE,YES
IRS,TRUE,MEDIUM,FALSE,TRUE,TRUE,FALSE,MEDIUM,NONE,RECORD,NONE,NONE,YES
IRS,TRUE,MEDIUM,FALSE,TRUE,TRUE,FALSE,MEDIUM,NONE,RECORD,NONE,NONE,YES
IRS,TRUE,MEDIUM,FALSE,TRUE,TRUE,FALSE,MEDIUM,NONE,RECORD,NONE,LOW,YES
IRS,TRUE,MEDIUM,FALSE,TRUE,TRUE,FALSE,MEDIUM,NONE,RECORD,NONE,LOW,YES
IRS,TRUE,MEDIUM,FALSE,TRUE,TRUE,FALSE,MEDIUM,NONE,RECORD,NONE,LOW,YES
IRS,TRUE,MEDIUM,FALSE,TRUE,TRUE,FALSE,MEDIUM,NONE,RECORD,NONE,LOW,YES
IRS,TRUE,MEDIUM,FALSE,TRUE,TRUE,FALSE,MEDIUM,NONE,RECORD,NONE,LOW,YES
IRS,TRUE,MEDIUM,FALSE,TRUE,TRUE,FALSE,MEDIUM,NONE,RECORD,NONE,LOW,YES
IRS,TRUE,MEDIUM,FALSE,TRUE,TRUE,FALSE,MEDIUM,NONE,RECORD,NONE,LOW,YES
IRS,TRUE,MEDIUM,TRUE,TRUE,TRUE,FALSE,MEDIUM,NONE,RECORD,NONE,LOW,YES
IRS,TRUE,MEDIUM,TRUE,TRUE,TRUE,FALSE,MEDIUM,NONE,RECORD,NONE,LOW,YES
IRS,TRUE,MEDIUM,TRUE,TRUE,TRUE,FALSE,MEDIUM,NONE,RECORD,NONE,LOW,YES
IRS,TRUE,MEDIUM,TRUE,TRUE,TRUE,FALSE,MEDIUM,NONE,RECORD,NONE,LOW,YES
IRS,TRUE,MEDIUM,TRUE,TRUE,TRUE,FALSE,MEDIUM,NONE,RECORD,NONE,LOW,YES
IRS,TRUE,MEDIUM,TRUE,TRUE,TRUE,FALSE,MEDIUM,NONE,RECORD,NONE,LOW,YES
IRS,TRUE,MEDIUM,TRUE,TRUE,TRUE,FALSE,MEDIUM,NONE,RECORD,NONE,LOW,YES
IRS,TRUE,MEDIUM,TRUE,TRUE,TRUE,FALSE,MEDIUM,NONE,RECORD,NONE,LOW,YES
IRS,TRUE,MEDIUM,TRUE,TRUE,TRUE,FALSE,MEDIUM,NONE,RECORD,NONE,LOW,YES
IRS,TRUE,MEDIUM,TRUE,TRUE,TRUE,FALSE,MEDIUM,NONE,RECORD,NONE,LOW,YES
IRS,TRUE,MEDIUM,TRUE,TRUE,TRUE,FALSE,MEDIUM,NONE,RECORD,NONE,LOW,YES
IRS,TRUE,MEDIUM,TRUE,TRUE,TRUE,FALSE,MEDIUM,NONE,RECORD,NONE,LOW,YES
IRS,TRUE,MEDIUM,TRUE,TRUE,TRUE,FALSE,MEDIUM,NONE,RECORD,NONE,LOW,YES
IRS,TRUE,MEDIUM,TRUE,TRUE,TRUE,FALSE,MEDIUM,NONE,RECORD,NONE,LOW,YES
IRS,TRUE,MEDIUM,TRUE,TRUE,TRUE,FALSE,MEDIUM,GIFT_CARD,RECORD,NONE,LOW,YES
IRS,TRUE,MEDIUM,TRUE,TRUE,TRUE,FALSE,MEDIUM,GIFT_CARD,RECORD,NONE,LOW,YES
IRS,TRUE,MEDIUM,TRUE,TRUE,TRUE,FALSE,MEDIUM,GIFT_CARD,RECORD,NONE,LOW,YES
IRS,TRUE,MEDIUM,TRUE,TRUE,TRUE,FALSE,MEDIUM,GIFT_CARD,RECORD,NONE,LOW,YES
IRS,FALSE,NONE,FALSE,FALSE,FALSE,FALSE,NONE,NONE,NONE,NONE,NONE,NO
IRS,FALSE,NONE,FALSE,FALSE,FALSE,FALSE,NONE,NONE,NONE,NONE,NONE,NO
IRS,FALSE,NONE,FALSE,FALSE,FALSE,FALSE,NONE,NONE,NONE,NONE,NONE,NO
IRS,FALSE,NONE,FALSE,FALSE,FALSE,FALSE,NONE,NONE,NONE,NONE,NONE,NO
IRS,FALSE,NONE,TRUE,FALSE,FALSE,FALSE,NONE,NONE,NONE,NONE,NONE,NO
IRS,FALSE,NONE,TRUE,FALSE,FALSE,FALSE,NONE,NONE,NONE,NONE,NONE,NO
IRS,FALSE,NONE,TRUE,FALSE,FALSE,FALSE,NONE,NONE,NONE,NONE,NONE,NO
IRS,FALSE,NONE,TRUE,FALSE,FALSE,FALSE,NONE,NONE,NONE,NONE,NONE,NO
IRS,TRUE,LOW,TRUE,FALSE,FALSE,FALSE,NONE,NONE,NONE,NONE,NONE,NO
IRS,TRUE,LOW,TRUE,FALSE,FALSE,FALSE,MEDIUM,NONE,NONE,NONE,NONE,YES
IRS,TRUE,LOW,TRUE,FALSE,FALSE,FALSE,MEDIUM,NONE,NONE,NONE,NONE,YES
IRS,TRUE,LOW,TRUE,FALSE,FALSE,FALSE,MEDIUM,NONE,NONE,NONE,NONE,YES
IRS,TRUE,LOW,TRUE,FALSE,FALSE,FALSE,MEDIUM,NONE,NONE,NONE,NONE,YES
IRS,TRUE,LOW,TRUE,FALSE,FALSE,FALSE,MEDIUM,NONE,NONE,NONE,NONE,YES
IRS,TRUE,LOW,TRUE,FALSE,FALSE,FALSE,MEDIUM,NONE,NONE,LOW,NONE,YES
IRS,TRUE,LOW,TRUE,FALSE,FALSE,FALSE,MEDIUM,NONE,NONE,LOW,NONE,YES
IRS,TRUE,LOW,TRUE,FALSE,FALSE,FALSE,MEDIUM,NONE,NONE,LOW,NONE,YES
IRS,TRUE,LOW,TRUE,FALSE,FALSE,FALSE,MEDIUM,NONE,NONE,LOW,NONE,YES
IRS,TRUE,LOW,TRUE,FALSE,FALSE,FALSE,MEDIUM,NONE,NONE,LOW,NONE,YES
IRS,TRUE,LOW,TRUE,FALSE,FALSE,FALSE,MEDIUM,NONE,NONE,LOW,NONE,YES
IRS,TRUE,LOW,TRUE,FALSE,FALSE,FALSE,MEDIUM,NONE,NONE,LOW,NONE,YES
IRS,TRUE,LOW,TRUE,FALSE,FALSE,FALSE,MEDIUM,NONE,NONE,LOW,NONE,YES
IRS,TRUE,LOW,TRUE,FALSE,FALSE,FALSE,MEDIUM,NONE,NONE,LOW,NONE,YES
IRS,TRUE,LOW,TRUE,FALSE,FALSE,FALSE,MEDIUM,NONE,NONE,LOW,NONE,YES
IRS,TRUE,LOW,TRUE,FALSE,FALSE,FALSE,MEDIUM,NONE,NONE,MEDIUM,NONE,YES
IRS,TRUE,LOW,TRUE,FALSE,FALSE,FALSE,MEDIUM,NONE,NONE,MEDIUM,NONE,YES
IRS,TRUE,LOW,TRUE,FALSE,FALSE,FALSE,MEDIUM,NONE,NONE,MEDIUM,NONE,YES
IRS,TRUE,LOW,TRUE,FALSE,FALSE,FALSE,MEDIUM,NONE,NONE,MEDIUM,NONE,YES
IRS,TRUE,LOW,TRUE,FALSE,FALSE,FALSE,MEDIUM,NONE,NONE,MEDIUM,NONE,YES
IRS,TRUE,LOW,TRUE,FALSE,FALSE,FALSE,MEDIUM,TRANSFER,NONE,MEDIUM,NONE,YES
IRS,TRUE,LOW,TRUE,FALSE,FALSE,FALSE,MEDIUM,TRANSFER,NONE,MEDIUM,NONE,YES
IRS,TRUE,LOW,TRUE,FALSE,FALSE,FALSE,MEDIUM,TRANSFER,MUTE,MEDIUM,NONE,YES
IRS,TRUE,LOW,TRUE,FALSE,FALSE,FALSE,MEDIUM,TRANSFER,MUTE,MEDIUM,NONE,YES
IRS,TRUE,LOW,TRUE,FALSE,FALSE,FALSE,MEDIUM,TRANSFER,MUTE,MEDIUM,NONE,YES
IRS,TRUE,LOW,TRUE,FALSE,FALSE,FALSE,MEDIUM,TRANSFER,MUTE,MEDIUM,NONE,YES
IRS,TRUE,LOW,TRUE,FALSE,FALSE,FALSE,MEDIUM,TRANSFER,MUTE,MEDIUM,NONE,YES
IRS,FALSE,NONE,FALSE,FALSE,FALSE,FALSE,NONE,NONE,NONE,NONE,NONE,NO
IRS,FALSE,NONE,FALSE,FALSE,FALSE,FALSE,NONE,NONE,NONE,NONE,NONE,NO
IRS,FALSE,NONE,FALSE,FALSE,FALSE,FALSE,NONE,NONE,MULTIPLE,NONE,NONE,NO
IRS,FALSE,NONE,FALSE,FALSE,FALSE,FALSE,NONE,NONE,MULTIPLE,NONE,NONE,NO
IRS,FALSE,NONE,FALSE,FALSE,FALSE,FALSE,NONE,NONE,MULTIPLE,NONE,NONE,NO
IRS,FALSE,NONE,FALSE,FALSE,FALSE,FALSE,NONE,NONE,MULTIPLE,NONE,NONE,NO
IRS,TRUE,LOW,FALSE,FALSE,FALSE,FALSE,NONE,NONE,MULTIPLE,NONE,NONE,NO
IRS,TRUE,LOW,FALSE,FALSE,FALSE,FALSE,NONE,NONE,MULTIPLE,NONE,NONE,NO
IRS,TRUE,LOW,FALSE,FALSE,FALSE,FALSE,NONE,NONE,MULTIPLE,NONE,NONE,NO
IRS,TRUE,LOW,FALSE,FALSE,FALSE,FALSE,NONE,NONE,MULTIPLE,NONE,NONE,NO
IRS,TRUE,LOW,FALSE,FALSE,FALSE,FALSE,NONE,NONE,MULTIPLE,NONE,NONE,NO
IRS,TRUE,LOW,FALSE,FALSE,FALSE,FALSE,NONE,NONE,MULTIPLE,NONE,NONE,NO
IRS,TRUE,LOW,FALSE,FALSE,FALSE,FALSE,NONE,NONE,MULTIPLE,NONE,NONE,NO
IRS,TRUE,LOW,FALSE,FALSE,FALSE,FALSE,NONE,NONE,MULTIPLE,NONE,NONE,NO
IRS,TRUE,LOW,FALSE,FALSE,FALSE,FALSE,NONE,NONE,MULTIPLE,NONE,NONE,NO
IRS,TRUE,LOW,FALSE,FALSE,FALSE,FALSE,NONE,NONE,MULTIPLE,NONE,NONE,NO
IRS,TRUE,LOW,FALSE,FALSE,FALSE,FALSE,NONE,NONE,MULTIPLE,NONE,NONE,NO
IRS,TRUE,LOW,FALSE,FALSE,FALSE,FALSE,NONE,NONE,MULTIPLE,NONE,NONE,NO
IRS,TRUE,LOW,FALSE,FALSE,FALSE,FALSE,NONE,NONE,MULTIPLE,NONE,NONE,NO
IRS,TRUE,LOW,FALSE,FALSE,FALSE,FALSE,HIGH,NONE,MULTIPLE,NONE,NONE,YES
IRS,TRUE,LOW,FALSE,FALSE,FALSE,FALSE,HIGH,NONE,MULTIPLE,NONE,NONE,YES
IRS,TRUE,LOW,FALSE,FALSE,FALSE,FALSE,HIGH,NONE,MULTIPLE,NONE,NONE,YES
IRS,TRUE,LOW,FALSE,FALSE,FALSE,FALSE,HIGH,NONE,MULTIPLE,NONE,NONE,YES
IRS,TRUE,LOW,FALSE,FALSE,FALSE,FALSE,HIGH,NONE,MULTIPLE,NONE,NONE,YES
IRS,TRUE,LOW,FALSE,FALSE,FALSE,FALSE,HIGH,NONE,MULTIPLE,NONE,NONE,YES
IRS,TRUE,LOW,FALSE,FALSE,FALSE,FALSE,HIGH,NONE,MULTIPLE,NONE,NONE,YES
IRS,TRUE,LOW,FALSE,FALSE,FALSE,FALSE,HIGH,NONE,MULTIPLE,NONE,NONE,YES
IRS,TRUE,LOW,FALSE,FALSE,FALSE,FALSE,HIGH,NONE,MULTIPLE,NONE,NONE,YES
IRS,TRUE,LOW,FALSE,FALSE,FALSE,FALSE,HIGH,NONE,MULTIPLE,NONE,NONE,YES
IRS,TRUE,LOW,FALSE,FALSE,FALSE,FALSE,HIGH,NONE,MULTIPLE,NONE,NONE,YES
IRS,TRUE,LOW,FALSE,FALSE,FALSE,FALSE,HIGH,NONE,MULTIPLE,NONE,LOW,YES
IRS,TRUE,LOW,FALSE,FALSE,FALSE,FALSE,HIGH,NONE,MULTIPLE,NONE,LOW,YES
IRS,TRUE,LOW,TRUE,FALSE,FALSE,FALSE,HIGH,NONE,MULTIPLE,NONE,LOW,YES
IRS,TRUE,LOW,TRUE,FALSE,FALSE,FALSE,HIGH,NONE,MULTIPLE,NONE,MEDIUM,YES
IRS,TRUE,LOW,TRUE,FALSE,FALSE,FALSE,HIGH,NONE,MULTIPLE,NONE,MEDIUM,YES
IRS,TRUE,LOW,TRUE,FALSE,FALSE,FALSE,HIGH,GIFT_CARD,MULTIPLE,NONE,MEDIUM,YES
IRS,TRUE,LOW,TRUE,FALSE,FALSE,FALSE,HIGH,GIFT_CARD,MULTIPLE,NONE,HIGH,YES
NOTIRS,FALSE,NONE,FALSE,FALSE,FALSE,FALSE,NONE,NONE,NONE,NONE,NONE,NO
NOTIRS,FALSE,NONE,FALSE,FALSE,FALSE,FALSE,NONE,NONE,NONE,NONE,NONE,NO
NOTIRS,FALSE,NONE,FALSE,FALSE,FALSE,FALSE,NONE,NONE,NONE,NONE,NONE,NO
IRS,FALSE,NONE,FALSE,FALSE,FALSE,FALSE,NONE,NONE,NONE,NONE,NONE,NO
IRS,FALSE,NONE,TRUE,FALSE,FALSE,FALSE,NONE,NONE,NONE,NONE,NONE,NO
IRS,FALSE,NONE,TRUE,FALSE,FALSE,FALSE,NONE,NONE,NONE,NONE,NONE,NO
IRS,FALSE,NONE,TRUE,FALSE,FALSE,FALSE,NONE,NONE,NONE,NONE,NONE,NO
IRS,FALSE,NONE,TRUE,FALSE,FALSE,FALSE,NONE,NONE,NONE,NONE,NONE,NO
IRS,FALSE,NONE,TRUE,FALSE,FALSE,FALSE,NONE,NONE,NONE,NONE,NONE,NO
IRS,FALSE,NONE,TRUE,FALSE,FALSE,FALSE,NONE,NONE,NONE,NONE,NONE,NO
IRS,FALSE,NONE,TRUE,FALSE,FALSE,FALSE,NONE,NONE,NONE,NONE,NONE,NO
IRS,FALSE,NONE,TRUE,FALSE,FALSE,FALSE,NONE,NONE,NONE,NONE,NONE,NO
IRS,FALSE,NONE,TRUE,FALSE,FALSE,FALSE,NONE,NONE,NONE,NONE,NONE,NO
IRS,FALSE,NONE,TRUE,FALSE,FALSE,FALSE,NONE,NONE,NONE,NONE,NONE,NO
IRS,FALSE,NONE,TRUE,FALSE,FALSE,FALSE,NONE,NONE,NONE,NONE,NONE,NO
IRS,FALSE,NONE,TRUE,FALSE,FALSE,FALSE,NONE,NONE,NONE,NONE,NONE,NO
IRS,FALSE,NONE,TRUE,FALSE,FALSE,FALSE,NONE,NONE,NONE,NONE,NONE,NO
IRS,FALSE,NONE,TRUE,FALSE,FALSE,FALSE,NONE,NONE,NONE,NONE,NONE,NO
IRS,FALSE,NONE,TRUE,FALSE,FALSE,FALSE,NONE,NONE,NONE,NONE,NONE,NO
IRS,FALSE,NONE,TRUE,FALSE,FALSE,FALSE,NONE,NONE,NONE,NONE,NONE,NO
IRS,FALSE,NONE,TRUE,FALSE,FALSE,FALSE,NONE,NONE,NONE,NONE,NONE,NO
IRS,FALSE,NONE,TRUE,FALSE,FALSE,FALSE,NONE,NONE,NONE,NONE,NONE,NO
IRS,FALSE,NONE,TRUE,FALSE,FALSE,FALSE,NONE,NONE,NONE,LOW,NONE,NO
IRS,FALSE,NONE,TRUE,FALSE,FALSE,FALSE,NONE,NONE,NONE,LOW,NONE,NO
IRS,FALSE,NONE,TRUE,FALSE,FALSE,FALSE,NONE,NONE,NONE,MEDIUM,NONE,YES
IRS,FALSE,NONE,TRUE,FALSE,FALSE,FALSE,NONE,NONE,NONE,MEDIUM,NONE,YES
IRS,FALSE,NONE,TRUE,FALSE,FALSE,FALSE,NONE,NONE,NONE,HIGH,NONE,YES
IRS,FALSE,NONE,TRUE,FALSE,FALSE,FALSE,NONE,NONE,NONE,HIGH,NONE,YES
IRS,FALSE,NONE,TRUE,FALSE,FALSE,FALSE,NONE,NONE,NONE,HIGH,NONE,YES
IRS,FALSE,NONE,TRUE,FALSE,FALSE,FALSE,NONE,NONE,NONE,HIGH,NONE,YES
IRS,FALSE,NONE,TRUE,FALSE,FALSE,FALSE,NONE,NONE,NONE,HIGH,NONE,YES
IRS,FALSE,NONE,TRUE,FALSE,FALSE,FALSE,NONE,NONE,NONE,HIGH,NONE,YES
IRS,FALSE,NONE,TRUE,FALSE,FALSE,FALSE,NONE,NONE,NONE,HIGH,NONE,YES
IRS,FALSE,NONE,TRUE,FALSE,FALSE,FALSE,NONE,NONE,NONE,HIGH,NONE,YES
IRS,FALSE,NONE,TRUE,FALSE,FALSE,FALSE,NONE,NONE,MULTIPLE,HIGH,NONE,YES
IRS,FALSE,NONE,TRUE,FALSE,FALSE,FALSE,NONE,NONE,MULTIPLE,HIGH,NONE,YES
IRS,FALSE,NONE,TRUE,FALSE,FALSE,FALSE,NONE,NONE,MULTIPLE,HIGH,NONE,YES
IRS,FALSE,NONE,TRUE,FALSE,FALSE,FALSE,NONE,NONE,MULTIPLE,HIGH,NONE,YES
IRS,FALSE,NONE,TRUE,FALSE,FALSE,FALSE,NONE,NONE,MULTIPLE,HIGH,NONE,YES
IRS,FALSE,NONE,TRUE,FALSE,FALSE,FALSE,NONE,NONE,MULTIPLE,HIGH,NONE,YES
IRS,FALSE,NONE,TRUE,FALSE,FALSE,FALSE,NONE,NONE,MULTIPLE,HIGH,NONE,YES
IRS,FALSE,NONE,TRUE,FALSE,FALSE,FALSE,NONE,NONE,MULTIPLE,HIGH,NONE,YES
IRS,FALSE,NONE,TRUE,FALSE,FALSE,FALSE,NONE,NONE,MULTIPLE,HIGH,NONE,YES
IRS,FALSE,NONE,TRUE,FALSE,FALSE,FALSE,NONE,NONE,MULTIPLE,HIGH,NONE,YES
IRS,FALSE,NONE,TRUE,FALSE,FALSE,FALSE,NONE,NONE,MULTIPLE,HIGH,NONE,YES
IRS,FALSE,NONE,TRUE,FALSE,FALSE,FALSE,NONE,NONE,MULTIPLE,HIGH,NONE,YES
IRS,FALSE,NONE,TRUE,FALSE,FALSE,FALSE,NONE,NONE,MULTIPLE,HIGH,NONE,YES
IRS,FALSE,NONE,TRUE,FALSE,FALSE,FALSE,NONE,BANK_CARD,MULTIPLE,HIGH,NONE,YES
IRS,FALSE,NONE,TRUE,FALSE,FALSE,FALSE,NONE,BANK_CARD,MULTIPLE,HIGH,NONE,YES
IRS,FALSE,NONE,TRUE,FALSE,FALSE,FALSE,NONE,BANK_CARD,MULTIPLE,HIGH,NONE,YES
IRS,FALSE,NONE,FALSE,FALSE,FALSE,FALSE,NONE,NONE,NONE,NONE,NONE,NO
IRS,FALSE,NONE,FALSE,FALSE,FALSE,FALSE,NONE,NONE,NONE,NONE,NONE,NO
IRS,FALSE,NONE,FALSE,FALSE,FALSE,FALSE,NONE,NONE,NONE,NONE,NONE,NO
IRS,FALSE,NONE,FALSE,FALSE,FALSE,FALSE,NONE,NONE,MULTIPLE,NONE,NONE,NO
IRS,FALSE,NONE,FALSE,FALSE,FALSE,FALSE,NONE,NONE,MULTIPLE,NONE,NONE,NO
IRS,FALSE,NONE,FALSE,FALSE,FALSE,FALSE,NONE,NONE,MULTIPLE,NONE,NONE,NO
IRS,FALSE,NONE,FALSE,FALSE,FALSE,FALSE,NONE,NONE,MULTIPLE,NONE,NONE,NO
IRS,FALSE,NONE,FALSE,FALSE,FALSE,FALSE,NONE,NONE,MULTIPLE,NONE,NONE,NO
IRS,FALSE,NONE,FALSE,FALSE,FALSE,FALSE,NONE,NONE,MULTIPLE,NONE,LOW,NO
IRS,TRUE,LOW,FALSE,FALSE,FALSE,FALSE,NONE,NONE,MULTIPLE,NONE,LOW,NO
IRS,TRUE,LOW,FALSE,FALSE,FALSE,FALSE,MEDIUM,NONE,MULTIPLE,NONE,LOW,YES
IRS,TRUE,LOW,FALSE,FALSE,FALSE,FALSE,MEDIUM,NONE,MULTIPLE,NONE,LOW,YES
IRS,TRUE,MEDIUM,FALSE,FALSE,FALSE,FALSE,MEDIUM,NONE,MULTIPLE,NONE,LOW,YES
IRS,TRUE,MEDIUM,FALSE,FALSE,FALSE,FALSE,MEDIUM,NONE,MULTIPLE,NONE,LOW,YES
IRS,TRUE,MEDIUM,FALSE,FALSE,FALSE,FALSE,MEDIUM,NONE,MULTIPLE,NONE,LOW,YES
IRS,TRUE,HIGH,FALSE,FALSE,FALSE,FALSE,MEDIUM,NONE,MULTIPLE,NONE,LOW,YES
IRS,TRUE,HIGH,FALSE,FALSE,FALSE,FALSE,MEDIUM,NONE,MULTIPLE,NONE,LOW,YES
IRS,TRUE,HIGH,FALSE,FALSE,FALSE,FALSE,MEDIUM,NONE,MULTIPLE,NONE,LOW,YES
IRS,TRUE,HIGH,FALSE,FALSE,FALSE,FALSE,MEDIUM,NONE,MULTIPLE,NONE,LOW,YES
IRS,TRUE,HIGH,FALSE,FALSE,FALSE,FALSE,MEDIUM,NONE,MULTIPLE,NONE,LOW,YES
IRS,TRUE,HIGH,FALSE,FALSE,FALSE,FALSE,MEDIUM,NONE,MULTIPLE,NONE,LOW,YES
IRS,TRUE,HIGH,FALSE,FALSE,FALSE,FALSE,MEDIUM,NONE,MULTIPLE,NONE,LOW,YES
IRS,TRUE,HIGH,FALSE,FALSE,TRUE,FALSE,MEDIUM,NONE,MULTIPLE,NONE,LOW,YES
IRS,TRUE,HIGH,TRUE,FALSE,TRUE,TRUE,MEDIUM,NONE,MULTIPLE,NONE,LOW,YES
IRS,TRUE,HIGH,TRUE,FALSE,TRUE,TRUE,MEDIUM,NONE,MULTIPLE,NONE,LOW,YES
IRS,TRUE,HIGH,TRUE,FALSE,TRUE,TRUE,MEDIUM,NONE,MULTIPLE,NONE,LOW,YES
IRS,TRUE,HIGH,TRUE,FALSE,TRUE,TRUE,MEDIUM,NONE,MULTIPLE,NONE,LOW,YES
IRS,TRUE,HIGH,TRUE,FALSE,TRUE,TRUE,MEDIUM,NONE,MULTIPLE,NONE,LOW,YES
IRS,TRUE,HIGH,TRUE,FALSE,TRUE,TRUE,MEDIUM,NONE,MULTIPLE,NONE,LOW,YES
IRS,TRUE,HIGH,TRUE,FALSE,TRUE,TRUE,MEDIUM,NONE,MULTIPLE,NONE,LOW,YES
IRS,TRUE,HIGH,TRUE,FALSE,TRUE,TRUE,MEDIUM,NONE,MULTIPLE,NONE,LOW,YES
IRS,TRUE,HIGH,TRUE,FALSE,TRUE,TRUE,MEDIUM,NONE,MULTIPLE,NONE,LOW,YES
IRS,TRUE,HIGH,TRUE,FALSE,TRUE,TRUE,MEDIUM,NONE,MULTIPLE,NONE,LOW,YES
IRS,TRUE,HIGH,TRUE,FALSE,TRUE,TRUE,MEDIUM,NONE,MULTIPLE,NONE,LOW,YES
IRS,TRUE,HIGH,TRUE,FALSE,TRUE,TRUE,MEDIUM,NONE,MULTIPLE,NONE,LOW,YES
IRS,TRUE,HIGH,TRUE,FALSE,TRUE,TRUE,MEDIUM,NONE,MULTIPLE,NONE,LOW,YES
IRS,TRUE,HIGH,TRUE,FALSE,TRUE,TRUE,MEDIUM,NONE,MULTIPLE,NONE,LOW,YES
IRS,TRUE,HIGH,TRUE,FALSE,TRUE,TRUE,MEDIUM,NONE,MULTIPLE,NONE,LOW,YES
IRS,TRUE,HIGH,TRUE,FALSE,TRUE,TRUE,MEDIUM,NONE,MULTIPLE,NONE,LOW,YES
IRS,TRUE,HIGH,TRUE,FALSE,TRUE,TRUE,MEDIUM,NONE,MULTIPLE,NONE,LOW,YES
IRS,TRUE,HIGH,TRUE,FALSE,TRUE,TRUE,MEDIUM,NONE,MULTIPLE,NONE,LOW,YES
IRS,TRUE,HIGH,TRUE,FALSE,TRUE,TRUE,MEDIUM,NONE,MULTIPLE,NONE,LOW,YES
IRS,TRUE,HIGH,TRUE,FALSE,TRUE,TRUE,MEDIUM,NONE,MULTIPLE,NONE,LOW,YES
IRS,TRUE,HIGH,TRUE,FALSE,TRUE,TRUE,MEDIUM,NONE,MULTIPLE,NONE,MEDIUM,YES
IRS,TRUE,HIGH,TRUE,FALSE,TRUE,TRUE,MEDIUM,NONE,MULTIPLE,NONE,MEDIUM,YES
IRS,FALSE,NONE,FALSE,FALSE,FALSE,FALSE,NONE,NONE,NONE,NONE,NONE,NO
IRS,FALSE,NONE,FALSE,FALSE,FALSE,FALSE,NONE,NONE,NONE,NONE,NONE,NO
IRS,FALSE,NONE,FALSE,FALSE,FALSE,FALSE,NONE,NONE,NONE,NONE,NONE,NO
IRS,FALSE,NONE,FALSE,FALSE,FALSE,FALSE,NONE,NONE,NONE,NONE,NONE,NO
IRS,FALSE,NONE,FALSE,FALSE,FALSE,FALSE,NONE,NONE,NONE,NONE,NONE,NO
IRS,FALSE,NONE,FALSE,FALSE,FALSE,FALSE,NONE,NONE,NONE,NONE,NONE,NO
IRS,FALSE,NONE,FALSE,FALSE,FALSE,FALSE,NONE,NONE,NONE,NONE,NONE,NO
IRS,FALSE,NONE,FALSE,FALSE,FALSE,FALSE,NONE,NONE,MULTIPLE,NONE,NONE,NO
IRS,FALSE,NONE,FALSE,FALSE,FALSE,FALSE,NONE,NONE,MULTIPLE,NONE,NONE,NO
IRS,TRUE,LOW,FALSE,FALSE,FALSE,FALSE,NONE,NONE,MULTIPLE,NONE,NONE,NO
IRS,TRUE,LOW,FALSE,FALSE,TRUE,TRUE,NONE,NONE,MULTIPLE,NONE,NONE,NO
IRS,TRUE,LOW,FALSE,TRUE,TRUE,TRUE,NONE,NONE,MULTIPLE,NONE,NONE,NO
IRS,TRUE,LOW,FALSE,TRUE,TRUE,TRUE,NONE,NONE,MULTIPLE,NONE,NONE,NO
IRS,TRUE,LOW,FALSE,TRUE,TRUE,TRUE,NONE,NONE,MULTIPLE,NONE,NONE,NO
IRS,TRUE,LOW,FALSE,TRUE,TRUE,TRUE,MEDIUM,NONE,MULTIPLE,NONE,NONE,YES
IRS,TRUE,LOW,FALSE,TRUE,TRUE,TRUE,MEDIUM,NONE,MULTIPLE,NONE,NONE,YES
IRS,TRUE,LOW,FALSE,TRUE,TRUE,TRUE,MEDIUM,NONE,MULTIPLE,NONE,NONE,YES
IRS,TRUE,LOW,FALSE,TRUE,TRUE,TRUE,MEDIUM,NONE,MULTIPLE,NONE,NONE,YES
IRS,TRUE,LOW,FALSE,TRUE,TRUE,TRUE,MEDIUM,NONE,MULTIPLE,NONE,NONE,YES
IRS,TRUE,LOW,FALSE,TRUE,TRUE,TRUE,MEDIUM,NONE,MULTIPLE,NONE,NONE,YES
IRS,TRUE,LOW,FALSE,TRUE,TRUE,TRUE,MEDIUM,NONE,MULTIPLE,NONE,NONE,YES
IRS,TRUE,LOW,FALSE,TRUE,TRUE,TRUE,MEDIUM,NONE,MULTIPLE,NONE,NONE,YES
IRS,TRUE,LOW,FALSE,TRUE,TRUE,TRUE,MEDIUM,NONE,MULTIPLE,NONE,NONE,YES
IRS,TRUE,LOW,FALSE,TRUE,TRUE,TRUE,MEDIUM,NONE,MULTIPLE,NONE,NONE,YES
IRS,TRUE,LOW,FALSE,TRUE,TRUE,TRUE,MEDIUM,NONE,MULTIPLE,NONE,NONE,YES
IRS,TRUE,LOW,FALSE,TRUE,TRUE,TRUE,MEDIUM,NONE,MULTIPLE,NONE,NONE,YES
IRS,TRUE,LOW,FALSE,TRUE,TRUE,TRUE,MEDIUM,NONE,MULTIPLE,NONE,NONE,YES
IRS,TRUE,LOW,FALSE,TRUE,TRUE,TRUE,MEDIUM,NONE,MULTIPLE,NONE,NONE,YES
IRS,TRUE,LOW,FALSE,TRUE,TRUE,TRUE,MEDIUM,NONE,MULTIPLE,NONE,NONE,YES
IRS,TRUE,LOW,FALSE,TRUE,TRUE,TRUE,MEDIUM,NONE,MULTIPLE,NONE,NONE,YES
IRS,TRUE,LOW,FALSE,TRUE,TRUE,TRUE,MEDIUM,NONE,MULTIPLE,NONE,NONE,YES
IRS,TRUE,LOW,FALSE,TRUE,TRUE,TRUE,MEDIUM,NONE,MULTIPLE,NONE,NONE,YES
IRS,TRUE,LOW,FALSE,TRUE,TRUE,TRUE,MEDIUM,NONE,MULTIPLE,NONE,NONE,YES
IRS,TRUE,LOW,FALSE,TRUE,TRUE,TRUE,MEDIUM,NONE,MULTIPLE,NONE,NONE,YES
IRS,TRUE,LOW,FALSE,TRUE,TRUE,TRUE,MEDIUM,TAX_VOUCHER,MULTIPLE,NONE,NONE,YES
IRS,TRUE,LOW,FALSE,TRUE,TRUE,TRUE,MEDIUM,TAX_VOUCHER,MULTIPLE,NONE,NONE,YES
IRS,TRUE,LOW,FALSE,TRUE,TRUE,TRUE,MEDIUM,TAX_VOUCHER,MULTIPLE,NONE,NONE,YES
IRS,TRUE,LOW,FALSE,TRUE,TRUE,TRUE,MEDIUM,TAX_VOUCHER,MULTIPLE,NONE,NONE,YES
IRS,TRUE,LOW,FALSE,TRUE,TRUE,TRUE,MEDIUM,TAX_VOUCHER,MULTIPLE,NONE,NONE,YES
IRS,TRUE,LOW,FALSE,TRUE,TRUE,TRUE,MEDIUM,TAX_VOUCHER,MULTIPLE,NONE,NONE,YES
IRS,TRUE,LOW,FALSE,TRUE,TRUE,TRUE,MEDIUM,TAX_VOUCHER,MULTIPLE,NONE,NONE,YES
IRS,TRUE,LOW,FALSE,TRUE,TRUE,TRUE,MEDIUM,TAX_VOUCHER,MULTIPLE,NONE,NONE,YES
IRS,TRUE,LOW,FALSE,TRUE,TRUE,TRUE,MEDIUM,TAX_VOUCHER,MULTIPLE,NONE,NONE,YES
IRS,TRUE,LOW,FALSE,TRUE,TRUE,TRUE,MEDIUM,TAX_VOUCHER,MULTIPLE,NONE,NONE,YES
IRS,TRUE,LOW,FALSE,TRUE,TRUE,TRUE,MEDIUM,TAX_VOUCHER,MULTIPLE,LOW,NONE,YES
IRS,TRUE,LOW,FALSE,TRUE,TRUE,TRUE,MEDIUM,TAX_VOUCHER,MULTIPLE,LOW,NONE,YES
IRS,TRUE,LOW,FALSE,TRUE,TRUE,TRUE,MEDIUM,TAX_VOUCHER,MULTIPLE,LOW,NONE,YES
IRS,TRUE,LOW,FALSE,TRUE,TRUE,TRUE,MEDIUM,TAX_VOUCHER,MULTIPLE,LOW,NONE,YES
IRS,TRUE,LOW,FALSE,TRUE,TRUE,TRUE,MEDIUM,TAX_VOUCHER,MULTIPLE,LOW,NONE,YES
IRS,TRUE,LOW,FALSE,TRUE,TRUE,TRUE,MEDIUM,TAX_VOUCHER,MULTIPLE,LOW,NONE,YES
MAYBEIRS,FALSE,NONE,FALSE,FALSE,FALSE,FALSE,NONE,NONE,NONE,NONE,NONE,NO
MAYBEIRS,FALSE,NONE,FALSE,FALSE,FALSE,FALSE,NONE,NONE,NONE,NONE,NONE,NO
MAYBEIRS,FALSE,NONE,FALSE,FALSE,FALSE,FALSE,NONE,NONE,NONE,NONE,NONE,NO
MAYBEIRS,FALSE,NONE,FALSE,FALSE,FALSE,FALSE,NONE,NONE,RECORD,NONE,NONE,NO
MAYBEIRS,FALSE,NONE,FALSE,FALSE,FALSE,FALSE,NONE,NONE,RECORD,NONE,NONE,NO
MAYBEIRS,TRUE,LOW,FALSE,FALSE,FALSE,FALSE,NONE,NONE,RECORD,NONE,NONE,NO
MAYBEIRS,TRUE,LOW,FALSE,FALSE,FALSE,FALSE,NONE,NONE,RECORD,NONE,NONE,NO
MAYBEIRS,TRUE,LOW,FALSE,FALSE,FALSE,FALSE,LOW,NONE,RECORD,NONE,NONE,NO
MAYBEIRS,TRUE,LOW,FALSE,FALSE,FALSE,FALSE,MEDIUM,NONE,RECORD,NONE,NONE,YES
MAYBEIRS,TRUE,MEDIUM,FALSE,FALSE,FALSE,FALSE,MEDIUM,NONE,RECORD,NONE,NONE,YES
MAYBEIRS,TRUE,MEDIUM,FALSE,FALSE,FALSE,FALSE,MEDIUM,NONE,RECORD,NONE,NONE,YES
MAYBEIRS,TRUE,MEDIUM,FALSE,FALSE,FALSE,FALSE,MEDIUM,NONE,RECORD,NONE,NONE,YES
MAYBEIRS,TRUE,HIGH,FALSE,FALSE,FALSE,FALSE,MEDIUM,NONE,RECORD,NONE,NONE,YES
MAYBEIRS,TRUE,HIGH,FALSE,FALSE,FALSE,FALSE,MEDIUM,NONE,RECORD,NONE,NONE,YES
MAYBEIRS,TRUE,HIGH,FALSE,FALSE,FALSE,FALSE,MEDIUM,NONE,RECORD,NONE,NONE,YES
MAYBEIRS,TRUE,HIGH,FALSE,FALSE,FALSE,TRUE,MEDIUM,NONE,RECORD,NONE,NONE,YES
MAYBEIRS,TRUE,HIGH,FALSE,FALSE,TRUE,TRUE,MEDIUM,NONE,RECORD,NONE,NONE,YES
MAYBEIRS,TRUE,HIGH,FALSE,FALSE,TRUE,TRUE,MEDIUM,NONE,RECORD,NONE,NONE,YES
MAYBEIRS,TRUE,HIGH,FALSE,FALSE,TRUE,TRUE,MEDIUM,NONE,RECORD,NONE,NONE,YES
MAYBEIRS,TRUE,HIGH,TRUE,FALSE,TRUE,TRUE,MEDIUM,NONE,RECORD,NONE,NONE,YES
MAYBEIRS,TRUE,HIGH,TRUE,FALSE,TRUE,TRUE,MEDIUM,NONE,RECORD,NONE,NONE,YES
MAYBEIRS,TRUE,HIGH,TRUE,FALSE,TRUE,TRUE,MEDIUM,NONE,RECORD,NONE,NONE,YES
MAYBEIRS,TRUE,HIGH,TRUE,FALSE,TRUE,TRUE,MEDIUM,NONE,RECORD,NONE,NONE,YES
MAYBEIRS,TRUE,HIGH,TRUE,FALSE,TRUE,TRUE,MEDIUM,NONE,RECORD,NONE,NONE,YES
MAYBEIRS,TRUE,HIGH,TRUE,FALSE,TRUE,TRUE,MEDIUM,TAX_VOUCHER,RECORD,NONE,NONE,YES
MAYBEIRS,TRUE,HIGH,TRUE,FALSE,TRUE,TRUE,MEDIUM,TAX_VOUCHER,RECORD,NONE,NONE,YES
MAYBEIRS,TRUE,HIGH,TRUE,FALSE,TRUE,TRUE,MEDIUM,TAX_VOUCHER,MULTIPLE,NONE,NONE,YES
MAYBEIRS,TRUE,HIGH,TRUE,FALSE,TRUE,TRUE,MEDIUM,TAX_VOUCHER,MULTIPLE,NONE,NONE,YES
MAYBEIRS,TRUE,HIGH,TRUE,FALSE,TRUE,TRUE,MEDIUM,TAX_VOUCHER,MULTIPLE,NONE,NONE,YES
MAYBEIRS,TRUE,HIGH,TRUE,FALSE,TRUE,TRUE,MEDIUM,TAX_VOUCHER,MULTIPLE,NONE,NONE,YES
MAYBEIRS,TRUE,HIGH,TRUE,FALSE,TRUE,TRUE,MEDIUM,TAX_VOUCHER,MULTIPLE,NONE,NONE,YES
MAYBEIRS,TRUE,HIGH,TRUE,FALSE,TRUE,TRUE,MEDIUM,TAX_VOUCHER,MULTIPLE,NONE,NONE,YES
MAYBEIRS,TRUE,HIGH,TRUE,FALSE,TRUE,TRUE,MEDIUM,TAX_VOUCHER,MULTIPLE,NONE,NONE,YES
MAYBEIRS,TRUE,HIGH,TRUE,FALSE,TRUE,TRUE,MEDIUM,TAX_VOUCHER,MULTIPLE,NONE,NONE,YES
MAYBEIRS,TRUE,HIGH,TRUE,FALSE,TRUE,TRUE,MEDIUM,TAX_VOUCHER,MULTIPLE,NONE,NONE,YES
MAYBEIRS,TRUE,HIGH,TRUE,FALSE,TRUE,TRUE,MEDIUM,TAX_VOUCHER,MULTIPLE,NONE,LOW,YES
MAYBEIRS,TRUE,HIGH,TRUE,FALSE,TRUE,TRUE,MEDIUM,TAX_VOUCHER,MULTIPLE,NONE,LOW,YES
MAYBEIRS,TRUE,HIGH,TRUE,FALSE,TRUE,TRUE,MEDIUM,TAX_VOUCHER,MULTIPLE,NONE,LOW,YES
MAYBEIRS,TRUE,HIGH,TRUE,FALSE,TRUE,TRUE,MEDIUM,TAX_VOUCHER,MULTIPLE,NONE,LOW,YES
MAYBEIRS,TRUE,HIGH,TRUE,FALSE,TRUE,TRUE,MEDIUM,TAX_VOUCHER,MULTIPLE,NONE,LOW,YES
MAYBEIRS,TRUE,HIGH,TRUE,FALSE,TRUE,TRUE,MEDIUM,TAX_VOUCHER,MULTIPLE,NONE,LOW,YES
MAYBEIRS,TRUE,HIGH,TRUE,FALSE,TRUE,TRUE,MEDIUM,TAX_VOUCHER,MULTIPLE,NONE,LOW,YES
MAYBEIRS,TRUE,HIGH,TRUE,FALSE,TRUE,TRUE,MEDIUM,TAX_VOUCHER,MULTIPLE,NONE,LOW,YES
MAYBEIRS,TRUE,HIGH,TRUE,FALSE,TRUE,TRUE,MEDIUM,TAX_VOUCHER,MULTIPLE,NONE,LOW,YES
MAYBEIRS,TRUE,HIGH,TRUE,FALSE,TRUE,TRUE,MEDIUM,TAX_VOUCHER,MULTIPLE,NONE,LOW,YES
MAYBEIRS,TRUE,HIGH,TRUE,FALSE,TRUE,TRUE,MEDIUM,TAX_VOUCHER,MULTIPLE,NONE,LOW,YES
NOTIRS,FALSE,NONE,FALSE,FALSE,FALSE,FALSE,NONE,NONE,NONE,NONE,NONE,NO
NOTIRS,FALSE,NONE,FALSE,FALSE,FALSE,FALSE,NONE,NONE,NONE,NONE,NONE,NO
NOTIRS,FALSE,NONE,FALSE,FALSE,FALSE,FALSE,NONE,NONE,NONE,NONE,NONE,NO
NOTIRS,FALSE,NONE,FALSE,FALSE,FALSE,FALSE,NONE,NONE,NONE,NONE,NONE,NO
NOTIRS,FALSE,NONE,FALSE,FALSE,FALSE,FALSE,NONE,NONE,NONE,NONE,NONE,NO
NOTIRS,FALSE,NONE,FALSE,FALSE,FALSE,FALSE,NONE,NONE,NONE,NONE,NONE,NO
NOTIRS,FALSE,NONE,FALSE,FALSE,FALSE,FALSE,NONE,NONE,NONE,NONE,NONE,NO
NOTIRS,FALSE,NONE,FALSE,FALSE,FALSE,FALSE,NONE,NONE,NONE,NONE,NONE,NO
NOTIRS,FALSE,NONE,FALSE,FALSE,FALSE,FALSE,NONE,NONE,NONE,NONE,NONE,NO
NOTIRS,FALSE,NONE,FALSE,FALSE,FALSE,FALSE,NONE,NONE,NONE,NONE,LOW,NO
NOTIRS,FALSE,NONE,FALSE,FALSE,FALSE,FALSE,NONE,NONE,NONE,NONE,LOW,NO
NOTIRS,FALSE,NONE,FALSE,FALSE,FALSE,FALSE,NONE,NONE,NONE,NONE,LOW,NO
NOTIRS,FALSE,NONE,FALSE,FALSE,FALSE,FALSE,NONE,NONE,NONE,NONE,LOW,NO
NOTIRS,FALSE,NONE,FALSE,FALSE,FALSE,FALSE,NONE,NONE,NONE,NONE,LOW,NO
NOTIRS,FALSE,NONE,FALSE,FALSE,FALSE,FALSE,NONE,NONE,NONE,NONE,LOW,NO
NOTIRS,FALSE,NONE,FALSE,FALSE,FALSE,FALSE,NONE,NONE,NONE,NONE,LOW,NO
NOTIRS,FALSE,NONE,FALSE,FALSE,FALSE,FALSE,NONE,NONE,NONE,NONE,LOW,NO
NOTIRS,FALSE,NONE,FALSE,FALSE,FALSE,FALSE,NONE,NONE,NONE,NONE,LOW,NO
NOTIRS,FALSE,NONE,FALSE,FALSE,FALSE,FALSE,NONE,NONE,NONE,NONE,LOW,NO
NOTIRS,FALSE,NONE,FALSE,FALSE,FALSE,FALSE,NONE,NONE,NONE,NONE,LOW,NO
NOTIRS,FALSE,NONE,FALSE,FALSE,FALSE,FALSE,NONE,NONE,NONE,NONE,LOW,NO
NOTIRS,FALSE,NONE,FALSE,FALSE,FALSE,FALSE,NONE,NONE,NONE,NONE,LOW,NO
NOTIRS,FALSE,NONE,FALSE,FALSE,FALSE,FALSE,NONE,NONE,NONE,NONE,LOW,NO
NOTIRS,FALSE,NONE,FALSE,FALSE,FALSE,FALSE,NONE,NONE,NONE,NONE,LOW,NO
NOTIRS,FALSE,NONE,FALSE,FALSE,FALSE,FALSE,NONE,NONE,NONE,NONE,LOW,NO
NOTIRS,FALSE,NONE,FALSE,FALSE,FALSE,FALSE,NONE,NONE,NONE,NONE,LOW,NO
NOTIRS,FALSE,NONE,FALSE,FALSE,FALSE,FALSE,NONE,NONE,NONE,NONE,LOW,NO
NOTIRS,FALSE,NONE,FALSE,FALSE,FALSE,FALSE,NONE,NONE,NONE,NONE,LOW,NO
NOTIRS,FALSE,NONE,FALSE,FALSE,FALSE,FALSE,NONE,NONE,NONE,NONE,LOW,NO
NOTIRS,FALSE,NONE,FALSE,FALSE,FALSE,FALSE,NONE,NONE,NONE,NONE,LOW,NO
NOTIRS,FALSE,NONE,FALSE,FALSE,FALSE,FALSE,NONE,NONE,NONE,NONE,LOW,NO
NOTIRS,FALSE,NONE,FALSE,FALSE,FALSE,FALSE,NONE,NONE,NONE,NONE,LOW,NO
NOTIRS,FALSE,NONE,FALSE,FALSE,FALSE,FALSE,NONE,NONE,NONE,NONE,LOW,NO
NOTIRS,FALSE,NONE,FALSE,FALSE,FALSE,FALSE,NONE,NONE,NONE,NONE,LOW,NO
NOTIRS,FALSE,NONE,FALSE,FALSE,FALSE,FALSE,NONE,NONE,NONE,NONE,LOW,NO
NOTIRS,FALSE,NONE,FALSE,FALSE,FALSE,FALSE,NONE,NONE,NONE,NONE,LOW,NO
NOTIRS,FALSE,NONE,FALSE,FALSE,FALSE,FALSE,NONE,NONE,NONE,NONE,LOW,NO
NOTIRS,FALSE,NONE,FALSE,FALSE,FALSE,FALSE,NONE,NONE,NONE,NONE,LOW,NO
NOTIRS,FALSE,NONE,FALSE,FALSE,FALSE,FALSE,NONE,NONE,NONE,NONE,LOW,NO
NOTIRS,FALSE,NONE,FALSE,FALSE,FALSE,FALSE,NONE,NONE,NONE,NONE,LOW,NO
NOTIRS,FALSE,NONE,FALSE,FALSE,FALSE,FALSE,NONE,NONE,NONE,NONE,LOW,NO
NOTIRS,FALSE,NONE,FALSE,FALSE,FALSE,FALSE,NONE,NONE,NONE,NONE,LOW,NO
NOTIRS,FALSE,NONE,FALSE,FALSE,FALSE,FALSE,NONE,NONE,NONE,NONE,NONE,NO
NOTIRS,FALSE,NONE,FALSE,FALSE,FALSE,FALSE,NONE,NONE,NONE,NONE,NONE,NO
NOTIRS,FALSE,NONE,FALSE,FALSE,FALSE,FALSE,NONE,NONE,NONE,NONE,NONE,NO
NOTIRS,FALSE,NONE,FALSE,FALSE,FALSE,FALSE,NONE,NONE,NONE,NONE,NONE,NO
NOTIRS,FALSE,NONE,FALSE,FALSE,FALSE,FALSE,NONE,NONE,NONE,NONE,NONE,NO
NOTIRS,FALSE,NONE,FALSE,FALSE,FALSE,FALSE,NONE,NONE,NONE,NONE,NONE,NO
NOTIRS,FALSE,NONE,FALSE,FALSE,FALSE,FALSE,NONE,NONE,NONE,NONE,NONE,NO
NOTIRS,FALSE,NONE,FALSE,FALSE,FALSE,FALSE,NONE,NONE,NONE,NONE,NONE,NO
NOTIRS,FALSE,NONE,FALSE,FALSE,FALSE,FALSE,NONE,NONE,NONE,NONE,NONE,NO
NOTIRS,FALSE,NONE,FALSE,FALSE,FALSE,FALSE,NONE,NONE,NONE,NONE,NONE,NO
NOTIRS,FALSE,NONE,FALSE,FALSE,FALSE,FALSE,NONE,NONE,NONE,NONE,NONE,NO
NOTIRS,FALSE,NONE,FALSE,FALSE,FALSE,FALSE,NONE,NONE,NONE,NONE,NONE,NO
NOTIRS,FALSE,NONE,FALSE,FALSE,FALSE,FALSE,NONE,NONE,NONE,NONE,NONE,NO
NOTIRS,FALSE,NONE,FALSE,FALSE,FALSE,FALSE,NONE,NONE,NONE,NONE,NONE,NO
NOTIRS,FALSE,NONE,FALSE,FALSE,FALSE,FALSE,NONE,NONE,NONE,NONE,NONE,NO
NOTIRS,FALSE,NONE,FALSE,FALSE,FALSE,FALSE,NONE,NONE,NONE,NONE,NONE,NO
NOTIRS,FALSE,NONE,FALSE,FALSE,FALSE,FALSE,NONE,NONE,NONE,NONE,NONE,NO
NOTIRS,FALSE,NONE,FALSE,FALSE,FALSE,FALSE,NONE,NONE,NONE,NONE,NONE,NO
NOTIRS,FALSE,NONE,FALSE,FALSE,FALSE,FALSE,NONE,NONE,NONE,NONE,NONE,NO
NOTIRS,FALSE,NONE,FALSE,FALSE,FALSE,FALSE,NONE,NONE,NONE,NONE,NONE,NO
NOTIRS,FALSE,NONE,FALSE,FALSE,FALSE,FALSE,NONE,NONE,NONE,NONE,NONE,NO
NOTIRS,FALSE,NONE,FALSE,FALSE,FALSE,FALSE,NONE,NONE,NONE,NONE,NONE,NO
NOTIRS,FALSE,NONE,FALSE,FALSE,FALSE,FALSE,NONE,NONE,NONE,NONE,NONE,NO
NOTIRS,FALSE,NONE,FALSE,FALSE,FALSE,FALSE,NONE,NONE,NONE,NONE,NONE,NO
NOTIRS,FALSE,NONE,FALSE,FALSE,FALSE,FALSE,NONE,NONE,NONE,NONE,NONE,NO
NOTIRS,FALSE,NONE,FALSE,FALSE,FALSE,FALSE,NONE,NONE,NONE,NONE,NONE,NO
NOTIRS,FALSE,NONE,FALSE,FALSE,FALSE,FALSE,NONE,NONE,NONE,NONE,NONE,NO
NOTIRS,FALSE,NONE,FALSE,FALSE,FALSE,FALSE,NONE,NONE,NONE,NONE,NONE,NO
NOTIRS,FALSE,NONE,FALSE,FALSE,FALSE,FALSE,NONE,NONE,NONE,NONE,NONE,NO
NOTIRS,FALSE,NONE,FALSE,FALSE,FALSE,FALSE,NONE,NONE,NONE,NONE,NONE,NO
NOTIRS,FALSE,NONE,FALSE,FALSE,FALSE,FALSE,NONE,NONE,NONE,NONE,NONE,NO
NOTIRS,FALSE,NONE,FALSE,FALSE,FALSE,FALSE,NONE,NONE,NONE,NONE,NONE,NO
NOTIRS,FALSE,NONE,FALSE,FALSE,FALSE,FALSE,NONE,NONE,NONE,NONE,NONE,NO
NOTIRS,FALSE,NONE,FALSE,FALSE,FALSE,FALSE,NONE,NONE,NONE,NONE,NONE,NO
NOTIRS,FALSE,NONE,FALSE,FALSE,FALSE,FALSE,NONE,NONE,NONE,NONE,NONE,NO
NOTIRS,FALSE,NONE,FALSE,FALSE,FALSE,FALSE,NONE,NONE,NONE,NONE,NONE,NO
NOTIRS,FALSE,NONE,FALSE,FALSE,FALSE,FALSE,NONE,NONE,NONE,NONE,NONE,NO
NOTIRS,FALSE,NONE,FALSE,FALSE,FALSE,FALSE,NONE,NONE,NONE,NONE,NONE,NO
NOTIRS,FALSE,NONE,FALSE,FALSE,FALSE,FALSE,NONE,NONE,NONE,NONE,NONE,NO
NOTIRS,FALSE,NONE,FALSE,FALSE,FALSE,FALSE,NONE,NONE,NONE,NONE,NONE,NO
NOTIRS,FALSE,NONE,FALSE,FALSE,FALSE,FALSE,NONE,NONE,NONE,NONE,NONE,NO
NOTIRS,FALSE,NONE,FALSE,FALSE,FALSE,FALSE,NONE,NONE,NONE,NONE,NONE,NO
NOTIRS,FALSE,NONE,FALSE,FALSE,FALSE,FALSE,NONE,NONE,NONE,NONE,NONE,NO
NOTIRS,FALSE,NONE,FALSE,FALSE,FALSE,FALSE,NONE,NONE,NONE,NONE,NONE,NO
NOTIRS,FALSE,NONE,FALSE,FALSE,FALSE,FALSE,NONE,NONE,NONE,NONE,NONE,NO
NOTIRS,FALSE,NONE,FALSE,FALSE,FALSE,FALSE,NONE,NONE,NONE,NONE,NONE,NO
NOTIRS,FALSE,NONE,FALSE,FALSE,FALSE,FALSE,NONE,NONE,NONE,NONE,NONE,NO
NOTIRS,FALSE,NONE,FALSE,FALSE,FALSE,FALSE,NONE,NONE,NONE,NONE,NONE,NO
NOTIRS,FALSE,NONE,FALSE,FALSE,FALSE,FALSE,NONE,NONE,NONE,NONE,NONE,NO
NOTIRS,FALSE,NONE,FALSE,FALSE,FALSE,FALSE,NONE,NONE,NONE,NONE,NONE,NO
NOTIRS,FALSE,NONE,FALSE,FALSE,FALSE,FALSE,NONE,NONE,NONE,NONE,NONE,NO
NOTIRS,FALSE,NONE,FALSE,FALSE,FALSE,FALSE,NONE,NONE,NONE,NONE,NONE,NO
NOTIRS,FALSE,NONE,FALSE,FALSE,FALSE,FALSE,NONE,NONE,NONE,NONE,NONE,NO
NOTIRS,FALSE,NONE,FALSE,FALSE,FALSE,FALSE,NONE,NONE,NONE,NONE,NONE,NO
NOTIRS,FALSE,NONE,FALSE,FALSE,FALSE,FALSE,NONE,NONE,NONE,NONE,NONE,NO
NOTIRS,FALSE,NONE,FALSE,FALSE,FALSE,FALSE,NONE,NONE,NONE,NONE,NONE,NO
NOTIRS,FALSE,NONE,FALSE,FALSE,FALSE,FALSE,NONE,NONE,NONE,NONE,NONE,NO
NOTIRS,FALSE,NONE,FALSE,FALSE,FALSE,FALSE,NONE,NONE,NONE,NONE,NONE,NO
NOTIRS,FALSE,NONE,FALSE,FALSE,FALSE,FALSE,NONE,NONE,NONE,NONE,NONE,NO
NOTIRS,FALSE,NONE,FALSE,FALSE,FALSE,FALSE,NONE,NONE,NONE,NONE,NONE,NO
NOTIRS,FALSE,NONE,FALSE,FALSE,FALSE,FALSE,NONE,NONE,NONE,NONE,NONE,NO
NOTIRS,FALSE,NONE,FALSE,FALSE,FALSE,FALSE,NONE,NONE,NONE,NONE,NONE,NO
NOTIRS,FALSE,NONE,FALSE,FALSE,FALSE,FALSE,NONE,NONE,NONE,NONE,NONE,NO
NOTIRS,FALSE,NONE,FALSE,FALSE,FALSE,FALSE,NONE,NONE,NONE,NONE,NONE,NO
NOTIRS,FALSE,NONE,FALSE,FALSE,FALSE,FALSE,NONE,NONE,NONE,NONE,NONE,NO
NOTIRS,FALSE,NONE,FALSE,FALSE,FALSE,FALSE,NONE,NONE,NONE,NONE,NONE,NO
NOTIRS,FALSE,NONE,FALSE,FALSE,FALSE,FALSE,NONE,NONE,NONE,NONE,NONE,NO
NOTIRS,FALSE,NONE,FALSE,FALSE,FALSE,FALSE,NONE,NONE,NONE,NONE,NONE,NO
NOTIRS,FALSE,NONE,FALSE,FALSE,FALSE,FALSE,NONE,NONE,NONE,NONE,NONE,NO
NOTIRS,FALSE,NONE,FALSE,FALSE,FALSE,FALSE,NONE,NONE,NONE,NONE,NONE,NO
NOTIRS,FALSE,NONE,FALSE,FALSE,FALSE,FALSE,NONE,NONE,NONE,NONE,NONE,NO
NOTIRS,FALSE,NONE,FALSE,FALSE,FALSE,FALSE,NONE,NONE,NONE,NONE,NONE,NO
NOTIRS,FALSE,NONE,FALSE,FALSE,FALSE,FALSE,NONE,NONE,NONE,NONE,NONE,NO
NOTIRS,FALSE,NONE,FALSE,FALSE,FALSE,FALSE,NONE,NONE,NONE,NONE,NONE,NO
NOTIRS,FALSE,NONE,FALSE,FALSE,FALSE,FALSE,NONE,NONE,NONE,NONE,NONE,NO
NOTIRS,FALSE,NONE,FALSE,FALSE,FALSE,FALSE,NONE,NONE,NONE,NONE,NONE,NO
NOTIRS,FALSE,NONE,FALSE,FALSE,FALSE,FALSE,NONE,NONE,NONE,NONE,NONE,NO
NOTIRS,FALSE,NONE,FALSE,FALSE,FALSE,FALSE,NONE,NONE,NONE,NONE,NONE,NO
NOTIRS,FALSE,NONE,FALSE,FALSE,FALSE,FALSE,NONE,NONE,NONE,NONE,NONE,NO
NOTIRS,FALSE,NONE,FALSE,FALSE,FALSE,FALSE,NONE,NONE,NONE,NONE,NONE,NO
NOTIRS,FALSE,NONE,FALSE,FALSE,FALSE,FALSE,NONE,NONE,NONE,NONE,NONE,NO
NOTIRS,FALSE,NONE,FALSE,FALSE,FALSE,FALSE,NONE,NONE,NONE,NONE,NONE,NO
NOTIRS,FALSE,NONE,FALSE,FALSE,FALSE,FALSE,NONE,NONE,NONE,NONE,NONE,NO
NOTIRS,FALSE,NONE,FALSE,FALSE,FALSE,FALSE,NONE,NONE,NONE,NONE,NONE,NO
NOTIRS,FALSE,NONE,FALSE,FALSE,FALSE,FALSE,NONE,NONE,NONE,NONE,NONE,NO
NOTIRS,FALSE,NONE,FALSE,FALSE,FALSE,FALSE,NONE,NONE,NONE,NONE,NONE,NO
NOTIRS,FALSE,NONE,FALSE,FALSE,FALSE,FALSE,NONE,NONE,NONE,NONE,NONE,NO
NOTIRS,FALSE,NONE,FALSE,FALSE,FALSE,FALSE,NONE,NONE,NONE,NONE,NONE,NO
NOTIRS,FALSE,NONE,FALSE,FALSE,FALSE,FALSE,NONE,NONE,NONE,NONE,NONE,NO
NOTIRS,FALSE,NONE,FALSE,FALSE,FALSE,FALSE,NONE,NONE,NONE,NONE,NONE,NO
NOTIRS,FALSE,NONE,FALSE,FALSE,FALSE,FALSE,NONE,NONE,NONE,NONE,NONE,NO
NOTIRS,FALSE,NONE,FALSE,FALSE,FALSE,FALSE,NONE,NONE,NONE,NONE,NONE,NO
NOTIRS,FALSE,NONE,FALSE,FALSE,FALSE,FALSE,NONE,NONE,NONE,NONE,NONE,NO
NOTIRS,FALSE,NONE,FALSE,FALSE,FALSE,FALSE,NONE,NONE,NONE,NONE,NONE,NO
NOTIRS,FALSE,NONE,FALSE,FALSE,FALSE,FALSE,NONE,NONE,NONE,NONE,NONE,NO
NOTIRS,FALSE,NONE,FALSE,FALSE,FALSE,FALSE,NONE,NONE,NONE,NONE,NONE,NO
NOTIRS,FALSE,NONE,FALSE,FALSE,FALSE,FALSE,NONE,NONE,NONE,NONE,NONE,NO
NOTIRS,FALSE,NONE,FALSE,FALSE,FALSE,FALSE,NONE,NONE,NONE,NONE,NONE,NO
NOTIRS,FALSE,NONE,FALSE,FALSE,FALSE,FALSE,NONE,NONE,NONE,NONE,NONE,NO
NOTIRS,FALSE,NONE,FALSE,FALSE,FALSE,FALSE,NONE,NONE,NONE,NONE,NONE,NO
NOTIRS,FALSE,NONE,FALSE,FALSE,FALSE,FALSE,NONE,NONE,NONE,NONE,NONE,NO
NOTIRS,FALSE,NONE,FALSE,FALSE,FALSE,FALSE,NONE,NONE,NONE,NONE,NONE,NO
NOTIRS,FALSE,NONE,FALSE,FALSE,FALSE,FALSE,NONE,NONE,NONE,NONE,NONE,NO
NOTIRS,FALSE,NONE,FALSE,FALSE,FALSE,FALSE,NONE,NONE,NONE,NONE,NONE,NO
NOTIRS,FALSE,NONE,FALSE,FALSE,FALSE,FALSE,NONE,NONE,NONE,NONE,NONE,NO
NOTIRS,FALSE,NONE,FALSE,FALSE,FALSE,FALSE,NONE,NONE,NONE,NONE,NONE,NO
NOTIRS,FALSE,NONE,FALSE,FALSE,FALSE,FALSE,NONE,NONE,NONE,NONE,NONE,NO
NOTIRS,FALSE,NONE,FALSE,FALSE,FALSE,FALSE,NONE,NONE,NONE,NONE,NONE,NO
NOTIRS,FALSE,NONE,FALSE,FALSE,FALSE,FALSE,NONE,NONE,NONE,NONE,NONE,NO
NOTIRS,FALSE,NONE,FALSE,FALSE,FALSE,FALSE,NONE,NONE,NONE,NONE,NONE,NO
NOTIRS,FALSE,NONE,FALSE,FALSE,FALSE,FALSE,NONE,NONE,NONE,NONE,NONE,NO
NOTIRS,FALSE,NONE,FALSE,FALSE,FALSE,FALSE,NONE,NONE,NONE,NONE,NONE,NO
NOTIRS,FALSE,NONE,FALSE,FALSE,FALSE,FALSE,NONE,NONE,NONE,NONE,NONE,NO
NOTIRS,FALSE,NONE,FALSE,FALSE,FALSE,FALSE,NONE,NONE,NONE,NONE,NONE,NO
NOTIRS,FALSE,NONE,FALSE,FALSE,FALSE,FALSE,NONE,NONE,NONE,NONE,NONE,NO
NOTIRS,FALSE,NONE,FALSE,FALSE,FALSE,FALSE,NONE,NONE,NONE,NONE,NONE,NO
NOTIRS,FALSE,NONE,FALSE,FALSE,FALSE,FALSE,NONE,NONE,NONE,NONE,NONE,NO
NOTIRS,FALSE,NONE,FALSE,FALSE,FALSE,FALSE,NONE,NONE,NONE,NONE,NONE,NO
NOTIRS,FALSE,NONE,FALSE,FALSE,FALSE,FALSE,NONE,NONE,NONE,NONE,NONE,NO
NOTIRS,FALSE,NONE,FALSE,FALSE,FALSE,FALSE,NONE,NONE,NONE,NONE,NONE,NO
NOTIRS,FALSE,NONE,FALSE,FALSE,FALSE,FALSE,NONE,NONE,NONE,NONE,NONE,NO
NOTIRS,FALSE,NONE,FALSE,FALSE,FALSE,FALSE,NONE,NONE,NONE,NONE,NONE,NO
NOTIRS,FALSE,NONE,FALSE,FALSE,FALSE,FALSE,NONE,NONE,NONE,NONE,NONE,NO
NOTIRS,FALSE,NONE,FALSE,FALSE,FALSE,FALSE,NONE,NONE,NONE,NONE,NONE,NO
NOTIRS,FALSE,NONE,FALSE,FALSE,FALSE,FALSE,NONE,NONE,NONE,NONE,NONE,NO
NOTIRS,FALSE,NONE,FALSE,FALSE,FALSE,FALSE,NONE,NONE,NONE,NONE,NONE,NO
NOTIRS,FALSE,NONE,FALSE,FALSE,FALSE,FALSE,NONE,NONE,NONE,NONE,NONE,NO
NOTIRS,FALSE,NONE,FALSE,FALSE,FALSE,FALSE,NONE,NONE,NONE,NONE,NONE,NO
NOTIRS,FALSE,NONE,FALSE,FALSE,FALSE,FALSE,NONE,NONE,NONE,NONE,NONE,NO
NOTIRS,FALSE,NONE,FALSE,FALSE,FALSE,FALSE,NONE,NONE,NONE,NONE,NONE,NO
NOTIRS,FALSE,NONE,FALSE,FALSE,FALSE,FALSE,NONE,NONE,NONE,NONE,NONE,NO
NOTIRS,FALSE,NONE,FALSE,FALSE,FALSE,FALSE,NONE,NONE,NONE,NONE,NONE,NO
NOTIRS,FALSE,NONE,FALSE,FALSE,FALSE,FALSE,NONE,NONE,NONE,NONE,NONE,NO
NOTIRS,FALSE,NONE,FALSE,FALSE,FALSE,FALSE,NONE,NONE,NONE,NONE,NONE,NO
NOTIRS,FALSE,NONE,FALSE,FALSE,FALSE,FALSE,NONE,NONE,NONE,NONE,NONE,NO
NOTIRS,FALSE,NONE,FALSE,FALSE,FALSE,FALSE,NONE,NONE,NONE,NONE,NONE,NO
NOTIRS,FALSE,NONE,FALSE,FALSE,FALSE,FALSE,NONE,NONE,NONE,NONE,NONE,NO
NOTIRS,FALSE,NONE,FALSE,FALSE,FALSE,FALSE,NONE,NONE,NONE,NONE,NONE,NO
NOTIRS,FALSE,NONE,FALSE,FALSE,FALSE,FALSE,NONE,NONE,NONE,NONE,NONE,NO
NOTIRS,FALSE,NONE,FALSE,FALSE,FALSE,FALSE,NONE,NONE,NONE,NONE,NONE,NO
NOTIRS,FALSE,NONE,FALSE,FALSE,FALSE,FALSE,NONE,NONE,NONE,NONE,NONE,NO
NOTIRS,FALSE,NONE,FALSE,FALSE,FALSE,FALSE,NONE,NONE,NONE,NONE,NONE,NO
NOTIRS,FALSE,NONE,FALSE,FALSE,FALSE,FALSE,NONE,NONE,NONE,NONE,NONE,NO
NOTIRS,FALSE,NONE,FALSE,FALSE,FALSE,FALSE,NONE,NONE,NONE,NONE,NONE,NO
NOTIRS,FALSE,NONE,FALSE,FALSE,FALSE,FALSE,NONE,NONE,NONE,NONE,NONE,NO
NOTIRS,FALSE,NONE,FALSE,FALSE,FALSE,FALSE,NONE,NONE,NONE,NONE,NONE,NO
NOTIRS,FALSE,NONE,FALSE,FALSE,FALSE,FALSE,NONE,NONE,NONE,NONE,NONE,NO
NOTIRS,FALSE,NONE,FALSE,FALSE,FALSE,FALSE,NONE,NONE,NONE,NONE,NONE,NO
NOTIRS,FALSE,NONE,FALSE,FALSE,FALSE,FALSE,NONE,NONE,NONE,NONE,NONE,NO
NOTIRS,FALSE,NONE,FALSE,FALSE,FALSE,FALSE,NONE,NONE,NONE,NONE,NONE,NO
NOTIRS,FALSE,NONE,FALSE,FALSE,FALSE,FALSE,NONE,NONE,NONE,NONE,NONE,NO
NOTIRS,FALSE,NONE,FALSE,FALSE,FALSE,FALSE,NONE,NONE,NONE,NONE,NONE,NO
NOTIRS,FALSE,NONE,FALSE,FALSE,FALSE,FALSE,NONE,NONE,NONE,NONE,NONE,NO
NOTIRS,FALSE,NONE,FALSE,FALSE,FALSE,FALSE,NONE,NONE,NONE,NONE,NONE,NO
NOTIRS,FALSE,NONE,FALSE,FALSE,FALSE,FALSE,NONE,NONE,NONE,NONE,NONE,NO
NOTIRS,FALSE,NONE,FALSE,FALSE,FALSE,FALSE,NONE,NONE,NONE,NONE,NONE,NO
NOTIRS,FALSE,NONE,FALSE,FALSE,FALSE,FALSE,NONE,NONE,NONE,NONE,NONE,NO
NOTIRS,FALSE,NONE,FALSE,FALSE,FALSE,FALSE,NONE,NONE,NONE,NONE,NONE,NO
NOTIRS,FALSE,NONE,FALSE,FALSE,FALSE,FALSE,NONE,NONE,NONE,NONE,NONE,NO
NOTIRS,FALSE,NONE,FALSE,FALSE,FALSE,FALSE,NONE,NONE,NONE,NONE,NONE,NO
NOTIRS,FALSE,NONE,FALSE,FALSE,FALSE,FALSE,NONE,NONE,NONE,NONE,NONE,NO
NOTIRS,FALSE,NONE,FALSE,FALSE,FALSE,FALSE,NONE,NONE,NONE,NONE,NONE,NO
NOTIRS,FALSE,NONE,FALSE,FALSE,FALSE,FALSE,LOW,NONE,NONE,NONE,NONE,NO
NOTIRS,FALSE,NONE,FALSE,FALSE,FALSE,FALSE,LOW,BANK_CARD,NONE,NONE,NONE,NO
NOTIRS,FALSE,NONE,FALSE,FALSE,FALSE,FALSE,LOW,BANK_CARD,NONE,NONE,NONE,NO
NOTIRS,FALSE,NONE,FALSE,FALSE,FALSE,FALSE,LOW,BANK_CARD,NONE,NONE,NONE,NO
NOTIRS,FALSE,NONE,FALSE,FALSE,FALSE,FALSE,LOW,BANK_CARD,NONE,NONE,NONE,NO
NOTIRS,FALSE,NONE,FALSE,FALSE,FALSE,FALSE,LOW,BANK_CARD,NONE,NONE,NONE,NO
NOTIRS,FALSE,NONE,FALSE,FALSE,FALSE,FALSE,LOW,BANK_CARD,NONE,NONE,NONE,NO
NOTIRS,FALSE,NONE,FALSE,FALSE,FALSE,FALSE,LOW,BANK_CARD,NONE,NONE,NONE,NO
NOTIRS,FALSE,NONE,FALSE,FALSE,FALSE,FALSE,LOW,BANK_CARD,NONE,NONE,NONE,NO
NOTIRS,FALSE,NONE,FALSE,FALSE,FALSE,FALSE,LOW,BANK_CARD,NONE,NONE,NONE,NO
NOTIRS,FALSE,NONE,FALSE,FALSE,FALSE,FALSE,LOW,BANK_CARD,NONE,NONE,NONE,NO
NOTIRS,FALSE,NONE,FALSE,FALSE,FALSE,FALSE,LOW,BANK_CARD,NONE,NONE,NONE,NO
NOTIRS,FALSE,NONE,FALSE,FALSE,FALSE,FALSE,LOW,BANK_CARD,NONE,NONE,NONE,NO
NOTIRS,FALSE,NONE,FALSE,FALSE,FALSE,FALSE,LOW,BANK_CARD,NONE,NONE,NONE,NO
NOTIRS,FALSE,NONE,FALSE,FALSE,FALSE,FALSE,LOW,BANK_CARD,NONE,NONE,NONE,NO
NOTIRS,FALSE,NONE,FALSE,FALSE,FALSE,FALSE,LOW,BANK_CARD,NONE,NONE,NONE,NO
NOTIRS,FALSE,NONE,FALSE,FALSE,FALSE,FALSE,LOW,BANK_CARD,NONE,NONE,NONE,NO
NOTIRS,FALSE,NONE,FALSE,FALSE,FALSE,FALSE,LOW,BANK_CARD,NONE,NONE,NONE,NO
NOTIRS,FALSE,NONE,FALSE,FALSE,FALSE,FALSE,LOW,BANK_CARD,NONE,NONE,NONE,NO
NOTIRS,FALSE,NONE,FALSE,FALSE,FALSE,FALSE,LOW,BANK_CARD,NONE,NONE,NONE,NO
NOTIRS,FALSE,NONE,FALSE,FALSE,FALSE,FALSE,NONE,NONE,NONE,NONE,NONE,NO
NOTIRS,FALSE,NONE,FALSE,FALSE,FALSE,FALSE,NONE,NONE,NONE,NONE,NONE,NO
NOTIRS,FALSE,NONE,FALSE,FALSE,FALSE,FALSE,NONE,NONE,NONE,NONE,NONE,NO
NOTIRS,FALSE,NONE,FALSE,FALSE,FALSE,FALSE,NONE,NONE,NONE,NONE,NONE,NO
NOTIRS,FALSE,NONE,FALSE,FALSE,FALSE,FALSE,NONE,NONE,NONE,NONE,NONE,NO
NOTIRS,FALSE,NONE,FALSE,FALSE,FALSE,FALSE,NONE,NONE,NONE,NONE,NONE,NO
NOTIRS,FALSE,NONE,FALSE,FALSE,FALSE,FALSE,NONE,NONE,NONE,NONE,NONE,NO
NOTIRS,FALSE,NONE,FALSE,FALSE,FALSE,FALSE,NONE,NONE,NONE,NONE,NONE,NO
NOTIRS,FALSE,NONE,FALSE,FALSE,FALSE,FALSE,NONE,NONE,NONE,NONE,NONE,NO
NOTIRS,FALSE,NONE,FALSE,FALSE,FALSE,FALSE,NONE,NONE,NONE,NONE,NONE,NO
NOTIRS,FALSE,NONE,FALSE,FALSE,FALSE,FALSE,NONE,NONE,NONE,NONE,NONE,NO
NOTIRS,FALSE,NONE,FALSE,FALSE,FALSE,FALSE,NONE,NONE,NONE,NONE,NONE,NO
NOTIRS,FALSE,NONE,FALSE,FALSE,FALSE,FALSE,NONE,NONE,NONE,NONE,NONE,NO
NOTIRS,FALSE,NONE,FALSE,FALSE,FALSE,FALSE,NONE,NONE,NONE,NONE,NONE,NO
NOTIRS,FALSE,NONE,FALSE,FALSE,FALSE,FALSE,NONE,NONE,NONE,NONE,NONE,NO
NOTIRS,FALSE,NONE,FALSE,FALSE,FALSE,FALSE,NONE,NONE,NONE,NONE,NONE,NO
NOTIRS,FALSE,NONE,FALSE,FALSE,FALSE,FALSE,NONE,NONE,NONE,NONE,NONE,NO
NOTIRS,FALSE,NONE,FALSE,FALSE,FALSE,FALSE,NONE,NONE,NONE,NONE,NONE,NO
NOTIRS,FALSE,NONE,FALSE,FALSE,FALSE,FALSE,NONE,NONE,NONE,NONE,NONE,NO
NOTIRS,FALSE,NONE,FALSE,FALSE,FALSE,FALSE,NONE,NONE,NONE,NONE,NONE,NO
NOTIRS,FALSE,NONE,FALSE,FALSE,FALSE,FALSE,NONE,NONE,NONE,NONE,NONE,NO
NOTIRS,FALSE,NONE,FALSE,FALSE,FALSE,FALSE,NONE,NONE,NONE,NONE,NONE,NO
NOTIRS,FALSE,NONE,FALSE,FALSE,FALSE,FALSE,NONE,NONE,NONE,NONE,NONE,NO
NOTIRS,FALSE,NONE,FALSE,FALSE,FALSE,FALSE,NONE,NONE,NONE,NONE,NONE,NO
NOTIRS,FALSE,NONE,FALSE,FALSE,FALSE,FALSE,NONE,NONE,NONE,NONE,NONE,NO
NOTIRS,FALSE,NONE,FALSE,FALSE,FALSE,FALSE,NONE,NONE,NONE,NONE,NONE,NO
NOTIRS,FALSE,NONE,FALSE,FALSE,FALSE,FALSE,NONE,NONE,NONE,NONE,NONE,NO
NOTIRS,FALSE,NONE,FALSE,FALSE,FALSE,FALSE,NONE,NONE,NONE,NONE,NONE,NO
NOTIRS,FALSE,NONE,FALSE,FALSE,FALSE,FALSE,NONE,NONE,NONE,NONE,NONE,NO
NOTIRS,FALSE,NONE,FALSE,FALSE,FALSE,FALSE,NONE,NONE,NONE,NONE,NONE,NO
NOTIRS,FALSE,NONE,FALSE,FALSE,FALSE,FALSE,NONE,NONE,NONE,NONE,NONE,NO
NOTIRS,FALSE,NONE,FALSE,FALSE,FALSE,FALSE,NONE,NONE,NONE,NONE,NONE,NO
NOTIRS,FALSE,NONE,FALSE,FALSE,FALSE,FALSE,NONE,NONE,NONE,NONE,NONE,NO
NOTIRS,FALSE,NONE,FALSE,FALSE,FALSE,FALSE,NONE,NONE,NONE,NONE,NONE,NO
NOTIRS,FALSE,NONE,FALSE,FALSE,FALSE,FALSE,NONE,NONE,NONE,NONE,NONE,NO
NOTIRS,FALSE,NONE,FALSE,FALSE,FALSE,FALSE,NONE,NONE,NONE,NONE,NONE,NO
NOTIRS,FALSE,NONE,FALSE,FALSE,FALSE,FALSE,NONE,NONE,NONE,NONE,NONE,NO
NOTIRS,FALSE,NONE,FALSE,FALSE,FALSE,FALSE,NONE,NONE,NONE,NONE,NONE,NO
NOTIRS,FALSE,NONE,FALSE,FALSE,FALSE,FALSE,NONE,NONE,NONE,NONE,NONE,NO
NOTIRS,FALSE,NONE,FALSE,FALSE,FALSE,FALSE,NONE,NONE,NONE,NONE,NONE,NO
NOTIRS,FALSE,NONE,FALSE,FALSE,FALSE,FALSE,NONE,NONE,NONE,NONE,NONE,NO
NOTIRS,FALSE,NONE,FALSE,FALSE,FALSE,FALSE,NONE,NONE,NONE,NONE,NONE,NO
NOTIRS,FALSE,NONE,FALSE,FALSE,FALSE,FALSE,NONE,NONE,NONE,NONE,NONE,NO
NOTIRS,FALSE,NONE,FALSE,FALSE,FALSE,FALSE,NONE,NONE,NONE,NONE,NONE,NO
NOTIRS,FALSE,NONE,FALSE,FALSE,FALSE,FALSE,NONE,NONE,NONE,NONE,NONE,NO
NOTIRS,FALSE,NONE,FALSE,FALSE,FALSE,FALSE,NONE,NONE,NONE,NONE,NONE,NO
NOTIRS,FALSE,NONE,FALSE,FALSE,FALSE,FALSE,NONE,NONE,NONE,NONE,NONE,NO
NOTIRS,FALSE,NONE,FALSE,FALSE,FALSE,FALSE,NONE,NONE,NONE,NONE,NONE,NO
NOTIRS,FALSE,NONE,FALSE,FALSE,FALSE,FALSE,NONE,NONE,NONE,NONE,NONE,NO
NOTIRS,FALSE,NONE,FALSE,FALSE,FALSE,FALSE,NONE,NONE,NONE,NONE,NONE,NO
NOTIRS,FALSE,NONE,FALSE,FALSE,FALSE,FALSE,NONE,NONE,NONE,NONE,NONE,NO
NOTIRS,FALSE,NONE,FALSE,FALSE,FALSE,FALSE,NONE,NONE,NONE,NONE,NONE,NO
NOTIRS,FALSE,NONE,FALSE,FALSE,FALSE,FALSE,NONE,NONE,NONE,NONE,NONE,NO
NOTIRS,FALSE,NONE,FALSE,FALSE,FALSE,FALSE,NONE,NONE,NONE,NONE,NONE,NO
NOTIRS,FALSE,NONE,FALSE,FALSE,FALSE,FALSE,NONE,NONE,NONE,NONE,NONE,NO
NOTIRS,FALSE,NONE,FALSE,FALSE,FALSE,FALSE,NONE,NONE,NONE,NONE,NONE,NO
NOTIRS,FALSE,NONE,FALSE,FALSE,FALSE,FALSE,NONE,NONE,NONE,NONE,NONE,NO
NOTIRS,FALSE,NONE,FALSE,FALSE,FALSE,FALSE,NONE,NONE,NONE,NONE,NONE,NO
NOTIRS,FALSE,NONE,FALSE,FALSE,FALSE,FALSE,NONE,NONE,NONE,NONE,NONE,NO
NOTIRS,FALSE,NONE,FALSE,FALSE,FALSE,FALSE,NONE,NONE,NONE,NONE,NONE,NO
NOTIRS,FALSE,NONE,FALSE,FALSE,FALSE,FALSE,NONE,NONE,NONE,NONE,NONE,NO
NOTIRS,FALSE,NONE,FALSE,FALSE,FALSE,FALSE,NONE,NONE,NONE,NONE,NONE,NO
NOTIRS,FALSE,NONE,FALSE,FALSE,FALSE,FALSE,NONE,NONE,NONE,NONE,NONE,NO
NOTIRS,FALSE,NONE,FALSE,FALSE,FALSE,FALSE,NONE,NONE,NONE,NONE,NONE,NO
NOTIRS,FALSE,NONE,FALSE,FALSE,FALSE,FALSE,NONE,NONE,NONE,NONE,NONE,NO
NOTIRS,FALSE,NONE,FALSE,FALSE,FALSE,FALSE,NONE,NONE,NONE,NONE,NONE,NO
NOTIRS,FALSE,NONE,FALSE,FALSE,FALSE,FALSE,NONE,NONE,NONE,NONE,NONE,NO
NOTIRS,FALSE,NONE,FALSE,FALSE,FALSE,FALSE,NONE,NONE,NONE,NONE,NONE,NO
NOTIRS,FALSE,NONE,FALSE,FALSE,FALSE,FALSE,NONE,NONE,NONE,NONE,NONE,NO
NOTIRS,FALSE,NONE,FALSE,FALSE,FALSE,FALSE,NONE,NONE,NONE,NONE,NONE,NO
NOTIRS,FALSE,NONE,FALSE,FALSE,FALSE,FALSE,NONE,NONE,NONE,NONE,NONE,NO
NOTIRS,FALSE,NONE,FALSE,FALSE,FALSE,FALSE,NONE,NONE,NONE,NONE,NONE,NO
NOTIRS,FALSE,NONE,FALSE,FALSE,FALSE,FALSE,NONE,NONE,NONE,NONE,NONE,NO
NOTIRS,FALSE,NONE,FALSE,FALSE,FALSE,FALSE,NONE,NONE,NONE,NONE,NONE,NO
NOTIRS,FALSE,NONE,FALSE,FALSE,FALSE,FALSE,NONE,NONE,NONE,NONE,NONE,NO
NOTIRS,FALSE,NONE,FALSE,FALSE,FALSE,FALSE,NONE,NONE,NONE,NONE,NONE,NO
NOTIRS,FALSE,NONE,FALSE,FALSE,FALSE,FALSE,NONE,NONE,NONE,NONE,NONE,NO
NOTIRS,FALSE,NONE,FALSE,FALSE,FALSE,FALSE,NONE,NONE,NONE,NONE,NONE,NO
NOTIRS,FALSE,NONE,FALSE,FALSE,FALSE,FALSE,NONE,NONE,NONE,NONE,NONE,NO
NOTIRS,FALSE,NONE,FALSE,FALSE,FALSE,FALSE,NONE,NONE,NONE,NONE,NONE,NO
NOTIRS,FALSE,NONE,FALSE,FALSE,FALSE,FALSE,NONE,NONE,NONE,NONE,NONE,NO
NOTIRS,FALSE,NONE,FALSE,FALSE,FALSE,FALSE,NONE,NONE,NONE,NONE,NONE,NO
NOTIRS,FALSE,NONE,FALSE,FALSE,FALSE,FALSE,NONE,NONE,NONE,NONE,NONE,NO
NOTIRS,FALSE,NONE,FALSE,FALSE,FALSE,FALSE,NONE,NONE,NONE,NONE,NONE,NO
NOTIRS,FALSE,NONE,FALSE,FALSE,FALSE,FALSE,NONE,NONE,NONE,NONE,NONE,NO
NOTIRS,FALSE,NONE,FALSE,FALSE,FALSE,FALSE,NONE,NONE,NONE,NONE,NONE,NO
NOTIRS,FALSE,NONE,FALSE,FALSE,FALSE,FALSE,NONE,NONE,NONE,NONE,NONE,NO
NOTIRS,FALSE,NONE,FALSE,FALSE,FALSE,FALSE,NONE,NONE,NONE,NONE,NONE,NO
NOTIRS,FALSE,NONE,FALSE,FALSE,FALSE,FALSE,NONE,NONE,NONE,NONE,NONE,NO
NOTIRS,FALSE,NONE,FALSE,FALSE,FALSE,FALSE,NONE,NONE,NONE,NONE,NONE,NO
NOTIRS,FALSE,NONE,FALSE,FALSE,FALSE,FALSE,NONE,NONE,NONE,NONE,NONE,NO
NOTIRS,FALSE,NONE,FALSE,FALSE,FALSE,FALSE,NONE,NONE,NONE,NONE,NONE,NO
NOTIRS,FALSE,NONE,FALSE,FALSE,FALSE,FALSE,NONE,NONE,NONE,NONE,NONE,NO
NOTIRS,FALSE,NONE,FALSE,FALSE,FALSE,FALSE,NONE,NONE,NONE,NONE,NONE,NO
NOTIRS,FALSE,NONE,FALSE,FALSE,FALSE,FALSE,NONE,NONE,NONE,NONE,NONE,NO
NOTIRS,FALSE,NONE,FALSE,FALSE,FALSE,FALSE,NONE,NONE,NONE,NONE,NONE,NO
NOTIRS,FALSE,NONE,FALSE,FALSE,FALSE,FALSE,NONE,NONE,NONE,NONE,NONE,NO
NOTIRS,FALSE,NONE,FALSE,FALSE,FALSE,FALSE,NONE,NONE,NONE,NONE,NONE,NO
NOTIRS,FALSE,NONE,FALSE,FALSE,FALSE,FALSE,NONE,NONE,NONE,NONE,NONE,NO
NOTIRS,FALSE,NONE,FALSE,FALSE,FALSE,FALSE,NONE,NONE,NONE,NONE,NONE,NO
NOTIRS,FALSE,NONE,FALSE,FALSE,FALSE,FALSE,NONE,NONE,NONE,NONE,NONE,NO
NOTIRS,FALSE,NONE,FALSE,FALSE,FALSE,FALSE,NONE,NONE,NONE,NONE,NONE,NO
NOTIRS,FALSE,NONE,FALSE,FALSE,FALSE,FALSE,NONE,NONE,NONE,NONE,NONE,NO
NOTIRS,FALSE,NONE,FALSE,FALSE,FALSE,FALSE,NONE,NONE,NONE,NONE,NONE,NO
NOTIRS,FALSE,NONE,FALSE,FALSE,FALSE,FALSE,NONE,NONE,NONE,NONE,NONE,NO
NOTIRS,FALSE,NONE,FALSE,FALSE,FALSE,FALSE,NONE,NONE,NONE,NONE,NONE,NO
NOTIRS,FALSE,NONE,FALSE,FALSE,FALSE,FALSE,NONE,NONE,NONE,NONE,NONE,NO
NOTIRS,FALSE,NONE,FALSE,FALSE,FALSE,FALSE,NONE,NONE,NONE,NONE,NONE,NO
NOTIRS,FALSE,NONE,FALSE,FALSE,FALSE,FALSE,NONE,NONE,NONE,NONE,NONE,NO
NOTIRS,FALSE,NONE,FALSE,FALSE,FALSE,FALSE,NONE,NONE,NONE,NONE,NONE,NO
NOTIRS,FALSE,NONE,FALSE,FALSE,FALSE,FALSE,NONE,NONE,NONE,NONE,NONE,NO
NOTIRS,FALSE,NONE,FALSE,FALSE,FALSE,FALSE,NONE,NONE,NONE,NONE,NONE,NO
NOTIRS,FALSE,NONE,FALSE,FALSE,FALSE,FALSE,NONE,NONE,NONE,NONE,NONE,NO
NOTIRS,FALSE,NONE,FALSE,FALSE,FALSE,FALSE,NONE,NONE,NONE,NONE,NONE,NO
NOTIRS,FALSE,NONE,FALSE,FALSE,FALSE,FALSE,NONE,NONE,NONE,NONE,NONE,NO
NOTIRS,FALSE,NONE,FALSE,FALSE,FALSE,FALSE,NONE,NONE,NONE,NONE,NONE,NO
NOTIRS,FALSE,NONE,FALSE,FALSE,FALSE,FALSE,NONE,NONE,NONE,NONE,NONE,NO
NOTIRS,FALSE,NONE,FALSE,FALSE,FALSE,FALSE,NONE,NONE,NONE,NONE,NONE,NO
NOTIRS,FALSE,NONE,FALSE,FALSE,FALSE,FALSE,NONE,NONE,NONE,NONE,NONE,NO
NOTIRS,FALSE,NONE,FALSE,FALSE,FALSE,FALSE,NONE,NONE,NONE,NONE,NONE,NO
NOTIRS,FALSE,NONE,FALSE,FALSE,FALSE,FALSE,NONE,NONE,NONE,NONE,NONE,NO
NOTIRS,FALSE,NONE,FALSE,FALSE,FALSE,FALSE,NONE,NONE,NONE,NONE,NONE,NO
NOTIRS,FALSE,NONE,FALSE,FALSE,FALSE,FALSE,NONE,NONE,NONE,NONE,NONE,NO
NOTIRS,FALSE,NONE,FALSE,FALSE,FALSE,FALSE,NONE,NONE,NONE,NONE,NONE,NO
NOTIRS,FALSE,NONE,FALSE,FALSE,FALSE,FALSE,NONE,NONE,NONE,NONE,NONE,NO
NOTIRS,FALSE,NONE,FALSE,FALSE,FALSE,FALSE,NONE,NONE,NONE,NONE,NONE,NO
NOTIRS,FALSE,NONE,FALSE,FALSE,FALSE,FALSE,NONE,NONE,NONE,NONE,NONE,NO
NOTIRS,FALSE,NONE,FALSE,FALSE,FALSE,FALSE,NONE,NONE,NONE,NONE,NONE,NO
NOTIRS,TRUE,NONE,FALSE,FALSE,FALSE,FALSE,NONE,NONE,NONE,NONE,NONE,NO
NOTIRS,TRUE,NONE,FALSE,FALSE,FALSE,FALSE,NONE,NONE,NONE,NONE,NONE,NO
NOTIRS,TRUE,NONE,FALSE,FALSE,FALSE,FALSE,NONE,NONE,NONE,NONE,NONE,NO
NOTIRS,TRUE,NONE,FALSE,FALSE,FALSE,FALSE,NONE,NONE,NONE,NONE,NONE,NO
NOTIRS,TRUE,NONE,FALSE,FALSE,FALSE,FALSE,NONE,NONE,NONE,NONE,NONE,NO
NOTIRS,TRUE,NONE,FALSE,FALSE,FALSE,FALSE,NONE,NONE,NONE,NONE,NONE,NO
NOTIRS,TRUE,NONE,FALSE,FALSE,FALSE,FALSE,NONE,NONE,NONE,NONE,NONE,NO
NOTIRS,TRUE,NONE,FALSE,FALSE,FALSE,FALSE,NONE,NONE,NONE,NONE,NONE,NO
NOTIRS,TRUE,NONE,FALSE,FALSE,FALSE,FALSE,NONE,NONE,NONE,NONE,NONE,NO
NOTIRS,TRUE,NONE,FALSE,FALSE,FALSE,FALSE,NONE,NONE,NONE,NONE,NONE,NO
NOTIRS,TRUE,NONE,FALSE,FALSE,FALSE,FALSE,NONE,NONE,NONE,NONE,NONE,NO
NOTIRS,TRUE,NONE,FALSE,FALSE,FALSE,FALSE,NONE,NONE,NONE,NONE,NONE,NO
NOTIRS,TRUE,NONE,FALSE,FALSE,FALSE,FALSE,NONE,NONE,NONE,NONE,NONE,NO
NOTIRS,TRUE,NONE,FALSE,FALSE,FALSE,FALSE,NONE,NONE,NONE,NONE,NONE,NO
NOTIRS,TRUE,NONE,FALSE,FALSE,FALSE,FALSE,NONE,NONE,NONE,NONE,NONE,NO
NOTIRS,TRUE,NONE,FALSE,FALSE,FALSE,FALSE,NONE,NONE,NONE,NONE,NONE,NO
NOTIRS,TRUE,NONE,FALSE,FALSE,FALSE,FALSE,NONE,NONE,NONE,NONE,NONE,NO
NOTIRS,TRUE,NONE,FALSE,FALSE,FALSE,FALSE,NONE,NONE,NONE,NONE,NONE,NO
NOTIRS,TRUE,NONE,FALSE,FALSE,FALSE,FALSE,NONE,NONE,NONE,NONE,NONE,NO
NOTIRS,TRUE,NONE,FALSE,FALSE,FALSE,FALSE,NONE,NONE,NONE,NONE,NONE,NO
NOTIRS,TRUE,NONE,FALSE,FALSE,FALSE,FALSE,NONE,NONE,NONE,NONE,NONE,NO
NOTIRS,TRUE,NONE,FALSE,FALSE,FALSE,FALSE,NONE,NONE,NONE,NONE,NONE,NO
NOTIRS,TRUE,NONE,FALSE,FALSE,FALSE,FALSE,NONE,NONE,NONE,NONE,NONE,NO
NOTIRS,TRUE,NONE,FALSE,FALSE,FALSE,FALSE,NONE,NONE,NONE,NONE,NONE,NO
NOTIRS,TRUE,NONE,FALSE,FALSE,FALSE,FALSE,NONE,NONE,NONE,NONE,NONE,NO
NOTIRS,TRUE,NONE,FALSE,FALSE,FALSE,FALSE,NONE,NONE,NONE,NONE,NONE,NO
NOTIRS,TRUE,NONE,FALSE,FALSE,FALSE,FALSE,NONE,NONE,NONE,NONE,NONE,NO
NOTIRS,TRUE,NONE,FALSE,FALSE,FALSE,FALSE,NONE,NONE,NONE,NONE,NONE,NO
NOTIRS,TRUE,NONE,FALSE,FALSE,FALSE,FALSE,NONE,NONE,NONE,NONE,NONE,NO
NOTIRS,TRUE,NONE,FALSE,FALSE,FALSE,FALSE,NONE,NONE,NONE,NONE,NONE,NO
NOTIRS,TRUE,NONE,FALSE,FALSE,FALSE,FALSE,NONE,NONE,NONE,NONE,NONE,NO
NOTIRS,TRUE,NONE,FALSE,FALSE,FALSE,FALSE,NONE,NONE,NONE,NONE,NONE,NO
NOTIRS,TRUE,NONE,FALSE,FALSE,FALSE,FALSE,NONE,NONE,NONE,NONE,NONE,NO
NOTIRS,TRUE,NONE,FALSE,FALSE,FALSE,FALSE,NONE,NONE,NONE,NONE,NONE,NO
NOTIRS,TRUE,NONE,FALSE,FALSE,FALSE,FALSE,NONE,NONE,NONE,NONE,NONE,NO
NOTIRS,TRUE,NONE,FALSE,FALSE,FALSE,FALSE,NONE,NONE,NONE,NONE,NONE,NO
NOTIRS,TRUE,NONE,FALSE,FALSE,FALSE,FALSE,NONE,NONE,NONE,NONE,NONE,NO
NOTIRS,TRUE,NONE,FALSE,FALSE,FALSE,FALSE,NONE,NONE,NONE,NONE,NONE,NO
NOTIRS,TRUE,NONE,FALSE,FALSE,FALSE,FALSE,NONE,NONE,NONE,NONE,NONE,NO
NOTIRS,TRUE,NONE,FALSE,FALSE,FALSE,FALSE,NONE,NONE,NONE,NONE,NONE,NO
NOTIRS,TRUE,NONE,FALSE,FALSE,FALSE,FALSE,NONE,NONE,NONE,NONE,NONE,NO
NOTIRS,FALSE,NONE,FALSE,FALSE,FALSE,FALSE,NONE,NONE,NONE,NONE,LOW,NO
NOTIRS,FALSE,NONE,FALSE,FALSE,FALSE,FALSE,NONE,NONE,NONE,NONE,LOW,NO
NOTIRS,FALSE,NONE,FALSE,FALSE,FALSE,FALSE,NONE,NONE,NONE,NONE,LOW,NO
NOTIRS,FALSE,NONE,FALSE,FALSE,FALSE,FALSE,NONE,NONE,NONE,NONE,LOW,NO
NOTIRS,FALSE,NONE,FALSE,FALSE,FALSE,FALSE,NONE,NONE,NONE,NONE,LOW,NO
NOTIRS,FALSE,NONE,FALSE,FALSE,FALSE,FALSE,NONE,NONE,NONE,NONE,LOW,NO
NOTIRS,FALSE,NONE,FALSE,FALSE,FALSE,FALSE,NONE,NONE,NONE,NONE,LOW,NO
NOTIRS,FALSE,NONE,FALSE,FALSE,FALSE,FALSE,NONE,NONE,NONE,NONE,LOW,NO
NOTIRS,FALSE,NONE,FALSE,FALSE,FALSE,FALSE,NONE,NONE,NONE,NONE,LOW,NO
NOTIRS,FALSE,NONE,FALSE,FALSE,FALSE,FALSE,NONE,NONE,NONE,NONE,LOW,NO
NOTIRS,FALSE,NONE,FALSE,FALSE,FALSE,FALSE,NONE,NONE,NONE,NONE,LOW,NO
NOTIRS,FALSE,NONE,FALSE,FALSE,FALSE,FALSE,NONE,NONE,NONE,NONE,LOW,NO
NOTIRS,FALSE,NONE,FALSE,FALSE,FALSE,FALSE,NONE,NONE,NONE,NONE,LOW,NO
NOTIRS,FALSE,NONE,FALSE,FALSE,FALSE,FALSE,NONE,NONE,NONE,NONE,LOW,NO
NOTIRS,FALSE,NONE,FALSE,FALSE,FALSE,FALSE,NONE,NONE,NONE,NONE,LOW,NO
NOTIRS,FALSE,NONE,FALSE,FALSE,FALSE,FALSE,NONE,NONE,NONE,NONE,MEDIUM,NO
NOTIRS,FALSE,NONE,FALSE,FALSE,FALSE,FALSE,NONE,NONE,NONE,NONE,MEDIUM,NO
NOTIRS,FALSE,NONE,FALSE,FALSE,FALSE,FALSE,NONE,NONE,NONE,NONE,MEDIUM,NO
NOTIRS,FALSE,NONE,FALSE,FALSE,FALSE,FALSE,NONE,NONE,NONE,NONE,MEDIUM,NO
NOTIRS,FALSE,NONE,FALSE,FALSE,FALSE,FALSE,NONE,NONE,NONE,NONE,MEDIUM,NO
NOTIRS,FALSE,NONE,FALSE,FALSE,FALSE,FALSE,NONE,NONE,NONE,NONE,MEDIUM,NO
NOTIRS,FALSE,NONE,FALSE,FALSE,FALSE,FALSE,NONE,NONE,NONE,NONE,MEDIUM,NO
NOTIRS,FALSE,NONE,FALSE,FALSE,FALSE,FALSE,NONE,NONE,NONE,NONE,MEDIUM,NO
NOTIRS,FALSE,NONE,FALSE,FALSE,FALSE,FALSE,NONE,NONE,NONE,NONE,MEDIUM,NO
NOTIRS,FALSE,NONE,FALSE,FALSE,FALSE,FALSE,NONE,NONE,NONE,NONE,MEDIUM,NO
NOTIRS,FALSE,NONE,FALSE,FALSE,FALSE,FALSE,NONE,NONE,NONE,NONE,MEDIUM,NO
NOTIRS,FALSE,NONE,FALSE,FALSE,FALSE,FALSE,NONE,NONE,NONE,NONE,MEDIUM,NO
NOTIRS,FALSE,NONE,FALSE,FALSE,FALSE,FALSE,NONE,NONE,NONE,NONE,MEDIUM,NO
NOTIRS,FALSE,NONE,FALSE,FALSE,FALSE,FALSE,NONE,NONE,NONE,NONE,MEDIUM,NO
NOTIRS,FALSE,NONE,FALSE,FALSE,FALSE,FALSE,NONE,NONE,NONE,NONE,MEDIUM,NO
NOTIRS,FALSE,NONE,FALSE,FALSE,FALSE,FALSE,NONE,NONE,NONE,NONE,MEDIUM,NO
NOTIRS,FALSE,NONE,FALSE,FALSE,FALSE,FALSE,NONE,NONE,NONE,NONE,MEDIUM,NO
NOTIRS,FALSE,NONE,FALSE,FALSE,FALSE,FALSE,NONE,NONE,NONE,NONE,MEDIUM,NO
NOTIRS,FALSE,NONE,FALSE,FALSE,FALSE,FALSE,NONE,NONE,NONE,NONE,MEDIUM,NO
NOTIRS,FALSE,NONE,FALSE,FALSE,FALSE,FALSE,NONE,NONE,NONE,NONE,MEDIUM,NO
NOTIRS,FALSE,NONE,FALSE,FALSE,FALSE,FALSE,NONE,NONE,NONE,NONE,MEDIUM,NO
NOTIRS,FALSE,NONE,FALSE,FALSE,FALSE,FALSE,NONE,NONE,NONE,NONE,NONE,NO
IRS,FALSE,NONE,FALSE,FALSE,FALSE,FALSE,NONE,NONE,NONE,NONE,NONE,NO
IRS,FALSE,NONE,FALSE,FALSE,FALSE,FALSE,NONE,NONE,NONE,NONE,NONE,NO
IRS,FALSE,NONE,FALSE,FALSE,FALSE,FALSE,NONE,NONE,NONE,NONE,NONE,NO
IRS,FALSE,NONE,FALSE,FALSE,FALSE,FALSE,NONE,NONE,NONE,NONE,NONE,NO
IRS,FALSE,NONE,FALSE,FALSE,FALSE,FALSE,NONE,NONE,NONE,NONE,NONE,NO
IRS,FALSE,NONE,FALSE,FALSE,FALSE,FALSE,NONE,NONE,ON_HOLD,NONE,NONE,NO
IRS,FALSE,NONE,FALSE,FALSE,FALSE,FALSE,NONE,NONE,ON_HOLD,NONE,NONE,NO
IRS,FALSE,NONE,FALSE,FALSE,FALSE,FALSE,NONE,NONE,ON_HOLD,NONE,NONE,NO
IRS,FALSE,NONE,FALSE,FALSE,FALSE,FALSE,NONE,NONE,ON_HOLD,NONE,NONE,NO
IRS,FALSE,NONE,FALSE,FALSE,FALSE,FALSE,NONE,NONE,ON_HOLD,NONE,NONE,NO
IRS,TRUE,LOW,FALSE,FALSE,FALSE,FALSE,NONE,NONE,ON_HOLD,NONE,NONE,NO
IRS,TRUE,LOW,FALSE,FALSE,FALSE,FALSE,NONE,NONE,ON_HOLD,NONE,NONE,NO
IRS,TRUE,LOW,FALSE,FALSE,FALSE,FALSE,NONE,NONE,ON_HOLD,NONE,NONE,NO
IRS,TRUE,LOW,FALSE,FALSE,FALSE,FALSE,NONE,NONE,ON_HOLD,NONE,NONE,NO
IRS,TRUE,LOW,FALSE,FALSE,FALSE,FALSE,NONE,NONE,ON_HOLD,NONE,NONE,NO
IRS,TRUE,LOW,FALSE,FALSE,FALSE,FALSE,NONE,NONE,ON_HOLD,NONE,NONE,NO
IRS,TRUE,LOW,FALSE,FALSE,FALSE,FALSE,NONE,NONE,ON_HOLD,NONE,NONE,NO
IRS,TRUE,LOW,FALSE,FALSE,FALSE,FALSE,NONE,NONE,ON_HOLD,NONE,NONE,NO
IRS,TRUE,LOW,FALSE,FALSE,FALSE,FALSE,NONE,NONE,ON_HOLD,NONE,NONE,NO
IRS,TRUE,LOW,FALSE,FALSE,FALSE,FALSE,NONE,NONE,ON_HOLD,NONE,NONE,NO
IRS,TRUE,LOW,FALSE,FALSE,FALSE,FALSE,NONE,NONE,ON_HOLD,NONE,NONE,NO
IRS,TRUE,LOW,FALSE,FALSE,FALSE,FALSE,NONE,NONE,ON_HOLD,NONE,NONE,NO
IRS,TRUE,LOW,FALSE,FALSE,FALSE,FALSE,NONE,NONE,ON_HOLD,NONE,NONE,NO
IRS,TRUE,LOW,FALSE,FALSE,FALSE,FALSE,NONE,NONE,ON_HOLD,NONE,NONE,NO
IRS,TRUE,LOW,FALSE,FALSE,FALSE,FALSE,NONE,NONE,ON_HOLD,NONE,NONE,NO
IRS,TRUE,LOW,FALSE,FALSE,FALSE,FALSE,NONE,NONE,ON_HOLD,NONE,NONE,NO
IRS,TRUE,LOW,FALSE,FALSE,FALSE,FALSE,NONE,NONE,MULTIPLE,NONE,NONE,NO
IRS,TRUE,LOW,FALSE,FALSE,FALSE,FALSE,NONE,NONE,MULTIPLE,NONE,NONE,NO
IRS,TRUE,LOW,FALSE,FALSE,FALSE,FALSE,NONE,NONE,MULTIPLE,NONE,NONE,NO
IRS,TRUE,LOW,FALSE,FALSE,FALSE,FALSE,NONE,NONE,MULTIPLE,NONE,NONE,NO
IRS,TRUE,LOW,FALSE,FALSE,FALSE,FALSE,NONE,NONE,MULTIPLE,LOW,NONE,NO
IRS,TRUE,LOW,FALSE,FALSE,FALSE,FALSE,NONE,NONE,MULTIPLE,LOW,NONE,NO
IRS,TRUE,LOW,FALSE,FALSE,FALSE,FALSE,NONE,NONE,MULTIPLE,MEDIUM,NONE,NO
IRS,TRUE,LOW,FALSE,FALSE,FALSE,FALSE,NONE,NONE,MULTIPLE,MEDIUM,NONE,NO
IRS,TRUE,MEDIUM,FALSE,FALSE,FALSE,FALSE,MEDIUM,NONE,MULTIPLE,MEDIUM,NONE,NO
IRS,TRUE,MEDIUM,FALSE,FALSE,FALSE,FALSE,MEDIUM,NONE,MULTIPLE,MEDIUM,NONE,NO
IRS,TRUE,MEDIUM,FALSE,FALSE,FALSE,FALSE,MEDIUM,NONE,MULTIPLE,MEDIUM,NONE,NO
IRS,TRUE,MEDIUM,FALSE,FALSE,FALSE,FALSE,MEDIUM,NONE,MULTIPLE,MEDIUM,NONE,NO
IRS,TRUE,MEDIUM,FALSE,FALSE,FALSE,FALSE,MEDIUM,NONE,MULTIPLE,MEDIUM,NONE,NO
IRS,TRUE,MEDIUM,FALSE,FALSE,FALSE,FALSE,MEDIUM,NONE,MULTIPLE,MEDIUM,NONE,NO
IRS,TRUE,MEDIUM,FALSE,FALSE,FALSE,TRUE,MEDIUM,NONE,MULTIPLE,MEDIUM,NONE,YES
IRS,TRUE,MEDIUM,FALSE,FALSE,FALSE,TRUE,MEDIUM,NONE,MULTIPLE,MEDIUM,NONE,YES
IRS,TRUE,MEDIUM,FALSE,FALSE,FALSE,TRUE,MEDIUM,NONE,MULTIPLE,MEDIUM,NONE,YES
IRS,TRUE,MEDIUM,FALSE,FALSE,TRUE,TRUE,MEDIUM,NONE,MULTIPLE,MEDIUM,NONE,YES
IRS,TRUE,MEDIUM,FALSE,FALSE,TRUE,TRUE,MEDIUM,NONE,MULTIPLE,MEDIUM,NONE,YES
IRS,TRUE,MEDIUM,FALSE,FALSE,TRUE,TRUE,MEDIUM,NONE,MULTIPLE,MEDIUM,NONE,YES
IRS,TRUE,MEDIUM,FALSE,FALSE,TRUE,TRUE,MEDIUM,NONE,MULTIPLE,MEDIUM,NONE,YES
IRS,TRUE,MEDIUM,FALSE,FALSE,TRUE,TRUE,MEDIUM,NONE,MULTIPLE,MEDIUM,NONE,YES
IRS,TRUE,MEDIUM,FALSE,FALSE,TRUE,TRUE,MEDIUM,NONE,MULTIPLE,MEDIUM,NONE,YES
IRS,TRUE,MEDIUM,FALSE,FALSE,TRUE,TRUE,MEDIUM,NONE,MULTIPLE,MEDIUM,NONE,YES
IRS,FALSE,NONE,FALSE,FALSE,FALSE,FALSE,NONE,NONE,NONE,NONE,NONE,NO
IRS,FALSE,NONE,FALSE,FALSE,FALSE,FALSE,NONE,NONE,NONE,NONE,NONE,NO
IRS,FALSE,NONE,FALSE,FALSE,FALSE,FALSE,NONE,NONE,NONE,NONE,NONE,NO
IRS,FALSE,NONE,FALSE,FALSE,FALSE,FALSE,NONE,NONE,NONE,NONE,NONE,NO
IRS,FALSE,NONE,FALSE,FALSE,FALSE,FALSE,NONE,NONE,NONE,NONE,NONE,NO
IRS,FALSE,NONE,FALSE,FALSE,FALSE,FALSE,NONE,NONE,NONE,NONE,NONE,NO
IRS,FALSE,NONE,FALSE,FALSE,FALSE,FALSE,NONE,NONE,NONE,NONE,NONE,NO
IRS,FALSE,NONE,FALSE,FALSE,FALSE,FALSE,NONE,NONE,NONE,NONE,NONE,NO
IRS,FALSE,NONE,FALSE,FALSE,FALSE,FALSE,NONE,NONE,NONE,NONE,NONE,NO
IRS,FALSE,NONE,FALSE,FALSE,FALSE,FALSE,NONE,NONE,NONE,NONE,NONE,NO
IRS,TRUE,LOW,FALSE,FALSE,FALSE,FALSE,NONE,NONE,NONE,NONE,NONE,NO
IRS,TRUE,LOW,FALSE,FALSE,TRUE,TRUE,NONE,NONE,NONE,NONE,NONE,NO
IRS,TRUE,LOW,FALSE,FALSE,TRUE,TRUE,MEDIUM,NONE,NONE,NONE,NONE,NO
IRS,TRUE,LOW,FALSE,FALSE,TRUE,TRUE,MEDIUM,NONE,NONE,NONE,NONE,NO
IRS,TRUE,LOW,FALSE,FALSE,TRUE,TRUE,MEDIUM,NONE,NONE,NONE,NONE,NO
IRS,TRUE,LOW,FALSE,FALSE,TRUE,TRUE,MEDIUM,NONE,NONE,NONE,NONE,NO
IRS,TRUE,MEDIUM,FALSE,FALSE,TRUE,TRUE,MEDIUM,NONE,NONE,NONE,NONE,NO
IRS,TRUE,MEDIUM,FALSE,FALSE,TRUE,TRUE,MEDIUM,NONE,NONE,NONE,NONE,NO
IRS,TRUE,MEDIUM,FALSE,FALSE,TRUE,TRUE,MEDIUM,NONE,NONE,NONE,NONE,NO
IRS,TRUE,MEDIUM,FALSE,FALSE,TRUE,TRUE,MEDIUM,NONE,NONE,NONE,NONE,NO
IRS,TRUE,MEDIUM,FALSE,FALSE,TRUE,TRUE,MEDIUM,NONE,NONE,NONE,NONE,NO
IRS,TRUE,MEDIUM,FALSE,FALSE,TRUE,TRUE,MEDIUM,NONE,NONE,NONE,NONE,NO
IRS,TRUE,MEDIUM,FALSE,FALSE,TRUE,TRUE,MEDIUM,NONE,NONE,NONE,NONE,NO
IRS,TRUE,MEDIUM,FALSE,FALSE,TRUE,TRUE,MEDIUM,NONE,NONE,NONE,NONE,NO
IRS,TRUE,MEDIUM,FALSE,FALSE,TRUE,TRUE,MEDIUM,NONE,NONE,NONE,NONE,NO
IRS,TRUE,MEDIUM,FALSE,FALSE,TRUE,TRUE,MEDIUM,NONE,NONE,NONE,NONE,NO
IRS,TRUE,MEDIUM,FALSE,FALSE,TRUE,TRUE,MEDIUM,NONE,NONE,NONE,NONE,NO
IRS,TRUE,MEDIUM,FALSE,FALSE,TRUE,TRUE,MEDIUM,NONE,NONE,NONE,NONE,NO
IRS,TRUE,MEDIUM,FALSE,FALSE,TRUE,TRUE,MEDIUM,NONE,NONE,LOW,NONE,NO
IRS,TRUE,MEDIUM,FALSE,FALSE,TRUE,TRUE,MEDIUM,NONE,NONE,LOW,NONE,NO
IRS,TRUE,MEDIUM,TRUE,FALSE,TRUE,TRUE,MEDIUM,NONE,NONE,LOW,NONE,YES
IRS,TRUE,MEDIUM,TRUE,FALSE,TRUE,TRUE,MEDIUM,NONE,NONE,LOW,NONE,YES
IRS,TRUE,MEDIUM,TRUE,FALSE,TRUE,TRUE,MEDIUM,NONE,NONE,LOW,NONE,YES
IRS,TRUE,MEDIUM,TRUE,FALSE,TRUE,TRUE,MEDIUM,NONE,NONE,LOW,NONE,YES
IRS,TRUE,MEDIUM,TRUE,FALSE,TRUE,TRUE,MEDIUM,NONE,NONE,LOW,NONE,YES
IRS,TRUE,MEDIUM,TRUE,FALSE,TRUE,TRUE,MEDIUM,NONE,ON_HOLD,LOW,NONE,YES
IRS,TRUE,MEDIUM,TRUE,FALSE,TRUE,TRUE,MEDIUM,NONE,ON_HOLD,LOW,NONE,YES
IRS,TRUE,MEDIUM,TRUE,FALSE,TRUE,TRUE,MEDIUM,NONE,ON_HOLD,LOW,NONE,YES
IRS,TRUE,MEDIUM,TRUE,FALSE,TRUE,TRUE,MEDIUM,NONE,ON_HOLD,LOW,NONE,YES
IRS,TRUE,MEDIUM,TRUE,FALSE,TRUE,TRUE,MEDIUM,NONE,ON_HOLD,LOW,NONE,YES
IRS,TRUE,MEDIUM,TRUE,FALSE,TRUE,TRUE,MEDIUM,NONE,ON_HOLD,LOW,NONE,YES
IRS,TRUE,MEDIUM,TRUE,FALSE,TRUE,TRUE,MEDIUM,NONE,ON_HOLD,LOW,NONE,YES
IRS,TRUE,MEDIUM,TRUE,FALSE,TRUE,TRUE,MEDIUM,NONE,ON_HOLD,LOW,NONE,YES
IRS,TRUE,MEDIUM,TRUE,FALSE,TRUE,TRUE,MEDIUM,NONE,ON_HOLD,LOW,NONE,YES
IRS,TRUE,MEDIUM,TRUE,FALSE,TRUE,TRUE,MEDIUM,NONE,ON_HOLD,LOW,NONE,YES
IRS,TRUE,MEDIUM,TRUE,FALSE,TRUE,TRUE,MEDIUM,NONE,ON_HOLD,LOW,NONE,YES
IRS,TRUE,MEDIUM,TRUE,FALSE,TRUE,TRUE,MEDIUM,NONE,ON_HOLD,LOW,NONE,YES
IRS,TRUE,MEDIUM,TRUE,FALSE,TRUE,TRUE,MEDIUM,NONE,ON_HOLD,LOW,NONE,YES
IRS,TRUE,MEDIUM,TRUE,FALSE,TRUE,TRUE,MEDIUM,NONE,ON_HOLD,LOW,NONE,YES
IRS,TRUE,MEDIUM,TRUE,FALSE,TRUE,TRUE,MEDIUM,TAX_VOUCHER,ON_HOLD,LOW,NONE,YES
IRS,TRUE,MEDIUM,TRUE,FALSE,TRUE,TRUE,MEDIUM,TAX_VOUCHER,ON_HOLD,LOW,NONE,YES
IRS,TRUE,MEDIUM,TRUE,FALSE,TRUE,TRUE,MEDIUM,TAX_VOUCHER,ON_HOLD,LOW,NONE,YES
IRS,TRUE,MEDIUM,TRUE,FALSE,TRUE,TRUE,MEDIUM,TAX_VOUCHER,ON_HOLD,LOW,NONE,YES
IRS,TRUE,MEDIUM,TRUE,FALSE,TRUE,TRUE,MEDIUM,TAX_VOUCHER,ON_HOLD,LOW,NONE,YES
IRS,TRUE,MEDIUM,TRUE,FALSE,TRUE,TRUE,MEDIUM,TAX_VOUCHER,ON_HOLD,LOW,NONE,YES
IRS,TRUE,MEDIUM,TRUE,FALSE,TRUE,TRUE,MEDIUM,TAX_VOUCHER,ON_HOLD,LOW,NONE,YES
IRS,TRUE,MEDIUM,TRUE,FALSE,TRUE,TRUE,MEDIUM,TAX_VOUCHER,ON_HOLD,LOW,NONE,YES
IRS,TRUE,MEDIUM,TRUE,FALSE,TRUE,TRUE,MEDIUM,TAX_VOUCHER,ON_HOLD,LOW,NONE,YES
IRS,TRUE,MEDIUM,TRUE,FALSE,TRUE,TRUE,MEDIUM,TAX_VOUCHER,MULTIPLE,LOW,NONE,YES
IRS,TRUE,MEDIUM,TRUE,FALSE,TRUE,TRUE,MEDIUM,TAX_VOUCHER,MULTIPLE,LOW,NONE,YES
IRS,TRUE,MEDIUM,TRUE,FALSE,TRUE,TRUE,MEDIUM,TAX_VOUCHER,MULTIPLE,LOW,NONE,YES
IRS,TRUE,MEDIUM,TRUE,FALSE,TRUE,TRUE,MEDIUM,TAX_VOUCHER,MULTIPLE,LOW,NONE,YES
IRS,TRUE,MEDIUM,TRUE,FALSE,TRUE,TRUE,MEDIUM,TAX_VOUCHER,MULTIPLE,LOW,NONE,YES
IRS,TRUE,MEDIUM,TRUE,FALSE,TRUE,TRUE,MEDIUM,TAX_VOUCHER,MULTIPLE,LOW,NONE,YES
IRS,TRUE,MEDIUM,TRUE,FALSE,TRUE,TRUE,MEDIUM,TAX_VOUCHER,MULTIPLE,LOW,NONE,YES
IRS,TRUE,MEDIUM,TRUE,FALSE,TRUE,TRUE,MEDIUM,TAX_VOUCHER,MULTIPLE,LOW,NONE,YES
IRS,TRUE,MEDIUM,TRUE,FALSE,TRUE,TRUE,MEDIUM,TAX_VOUCHER,MULTIPLE,LOW,NONE,YES
IRS,TRUE,MEDIUM,TRUE,FALSE,TRUE,TRUE,MEDIUM,TAX_VOUCHER,MULTIPLE,LOW,NONE,YES
IRS,TRUE,MEDIUM,TRUE,FALSE,TRUE,TRUE,MEDIUM,TAX_VOUCHER,MULTIPLE,LOW,NONE,YES
IRS,TRUE,MEDIUM,TRUE,FALSE,TRUE,TRUE,MEDIUM,TAX_VOUCHER,MULTIPLE,LOW,NONE,YES
IRS,TRUE,MEDIUM,TRUE,FALSE,TRUE,TRUE,MEDIUM,TAX_VOUCHER,MULTIPLE,LOW,NONE,YES
IRS,TRUE,MEDIUM,TRUE,FALSE,TRUE,TRUE,MEDIUM,TAX_VOUCHER,MULTIPLE,LOW,NONE,YES
IRS,TRUE,MEDIUM,TRUE,FALSE,TRUE,TRUE,MEDIUM,TAX_VOUCHER,MULTIPLE,LOW,NONE,YES
IRS,TRUE,MEDIUM,TRUE,FALSE,TRUE,TRUE,MEDIUM,TAX_VOUCHER,MULTIPLE,LOW,NONE,YES
IRS,TRUE,MEDIUM,TRUE,FALSE,TRUE,TRUE,MEDIUM,TAX_VOUCHER,MULTIPLE,LOW,NONE,YES
IRS,FALSE,NONE,FALSE,FALSE,FALSE,FALSE,NONE,NONE,NONE,NONE,NONE,NO
IRS,FALSE,NONE,FALSE,FALSE,FALSE,FALSE,NONE,NONE,NONE,NONE,NONE,NO
IRS,FALSE,NONE,FALSE,FALSE,FALSE,FALSE,NONE,NONE,NONE,NONE,NONE,NO
IRS,FALSE,NONE,FALSE,FALSE,FALSE,FALSE,NONE,NONE,NONE,NONE,NONE,NO
IRS,FALSE,NONE,FALSE,FALSE,FALSE,FALSE,NONE,NONE,NONE,NONE,NONE,NO
IRS,FALSE,NONE,FALSE,FALSE,FALSE,FALSE,NONE,NONE,NONE,NONE,NONE,NO
IRS,FALSE,NONE,TRUE,FALSE,TRUE,FALSE,NONE,NONE,NONE,NONE,NONE,NO
IRS,TRUE,LOW,TRUE,FALSE,TRUE,FALSE,NONE,NONE,NONE,NONE,NONE,NO
IRS,TRUE,LOW,TRUE,FALSE,TRUE,FALSE,NONE,NONE,NONE,NONE,NONE,NO
IRS,TRUE,LOW,TRUE,FALSE,TRUE,FALSE,NONE,NONE,NONE,NONE,NONE,NO
IRS,TRUE,LOW,TRUE,FALSE,TRUE,FALSE,MEDIUM,NONE,NONE,NONE,NONE,NO
IRS,TRUE,LOW,TRUE,FALSE,TRUE,FALSE,MEDIUM,NONE,NONE,NONE,NONE,NO
IRS,TRUE,LOW,TRUE,FALSE,TRUE,FALSE,MEDIUM,NONE,NONE,NONE,NONE,NO
IRS,TRUE,LOW,TRUE,FALSE,TRUE,FALSE,MEDIUM,NONE,NONE,LOW,NONE,YES
IRS,TRUE,LOW,TRUE,FALSE,TRUE,FALSE,MEDIUM,NONE,NONE,LOW,NONE,YES
IRS,TRUE,LOW,TRUE,FALSE,TRUE,FALSE,MEDIUM,NONE,NONE,LOW,NONE,YES
IRS,TRUE,LOW,TRUE,FALSE,TRUE,FALSE,MEDIUM,NONE,NONE,LOW,NONE,YES
IRS,TRUE,LOW,TRUE,FALSE,TRUE,FALSE,MEDIUM,NONE,NONE,LOW,NONE,YES
IRS,TRUE,LOW,TRUE,FALSE,TRUE,FALSE,MEDIUM,NONE,NONE,LOW,NONE,YES
IRS,TRUE,LOW,TRUE,FALSE,TRUE,FALSE,MEDIUM,NONE,NONE,LOW,NONE,YES
IRS,TRUE,LOW,TRUE,FALSE,TRUE,FALSE,MEDIUM,NONE,NONE,LOW,NONE,YES
IRS,TRUE,LOW,TRUE,FALSE,TRUE,FALSE,MEDIUM,NONE,NONE,LOW,NONE,YES
IRS,TRUE,LOW,TRUE,FALSE,TRUE,FALSE,MEDIUM,NONE,NONE,LOW,NONE,YES
IRS,TRUE,LOW,TRUE,FALSE,TRUE,FALSE,MEDIUM,NONE,NONE,LOW,NONE,YES
IRS,TRUE,LOW,TRUE,FALSE,TRUE,FALSE,MEDIUM,NONE,NONE,LOW,NONE,YES
IRS,TRUE,LOW,TRUE,FALSE,TRUE,FALSE,MEDIUM,NONE,NONE,LOW,NONE,YES
IRS,TRUE,LOW,TRUE,FALSE,TRUE,FALSE,MEDIUM,NONE,NONE,LOW,NONE,YES
IRS,TRUE,LOW,TRUE,FALSE,TRUE,FALSE,MEDIUM,NONE,NONE,LOW,NONE,YES
IRS,TRUE,LOW,TRUE,FALSE,TRUE,FALSE,MEDIUM,NONE,NONE,LOW,NONE,YES
IRS,TRUE,LOW,TRUE,FALSE,TRUE,FALSE,MEDIUM,NONE,NONE,LOW,NONE,YES
IRS,TRUE,LOW,TRUE,FALSE,TRUE,FALSE,MEDIUM,NONE,NONE,LOW,NONE,YES
IRS,TRUE,LOW,TRUE,FALSE,TRUE,FALSE,MEDIUM,NONE,NONE,LOW,NONE,YES
IRS,TRUE,LOW,TRUE,FALSE,TRUE,FALSE,MEDIUM,BANK_CARD,NONE,LOW,NONE,YES
IRS,TRUE,LOW,TRUE,FALSE,TRUE,FALSE,MEDIUM,BANK_CARD,ON_HOLD,LOW,NONE,YES
IRS,TRUE,LOW,TRUE,FALSE,TRUE,FALSE,MEDIUM,BANK_CARD,ON_HOLD,LOW,NONE,YES
IRS,TRUE,LOW,TRUE,FALSE,TRUE,FALSE,MEDIUM,BANK_CARD,ON_HOLD,LOW,NONE,YES
IRS,TRUE,LOW,TRUE,FALSE,TRUE,FALSE,MEDIUM,BANK_CARD,ON_HOLD,LOW,NONE,YES
IRS,TRUE,LOW,TRUE,FALSE,TRUE,FALSE,MEDIUM,BANK_CARD,ON_HOLD,LOW,NONE,YES
IRS,TRUE,LOW,TRUE,FALSE,TRUE,FALSE,MEDIUM,BANK_CARD,ON_HOLD,LOW,NONE,YES
IRS,TRUE,LOW,TRUE,FALSE,TRUE,FALSE,MEDIUM,BANK_CARD,ON_HOLD,LOW,NONE,YES
IRS,TRUE,LOW,TRUE,FALSE,TRUE,FALSE,MEDIUM,BANK_CARD,ON_HOLD,LOW,NONE,YES
IRS,TRUE,LOW,TRUE,FALSE,TRUE,FALSE,MEDIUM,BANK_CARD,ON_HOLD,LOW,NONE,YES
IRS,TRUE,LOW,TRUE,FALSE,TRUE,FALSE,MEDIUM,BANK_CARD,ON_HOLD,LOW,NONE,YES
IRS,TRUE,LOW,TRUE,FALSE,TRUE,FALSE,MEDIUM,BANK_CARD,ON_HOLD,LOW,NONE,YES
IRS,TRUE,LOW,TRUE,FALSE,TRUE,FALSE,MEDIUM,BANK_CARD,ON_HOLD,LOW,NONE,YES
IRS,TRUE,LOW,TRUE,FALSE,TRUE,FALSE,MEDIUM,BANK_CARD,ON_HOLD,LOW,NONE,YES
IRS,TRUE,LOW,TRUE,FALSE,TRUE,FALSE,MEDIUM,BANK_CARD,ON_HOLD,LOW,NONE,YES
IRS,TRUE,LOW,TRUE,FALSE,TRUE,FALSE,MEDIUM,BANK_CARD,ON_HOLD,LOW,NONE,YES
IRS,TRUE,LOW,TRUE,FALSE,TRUE,FALSE,MEDIUM,BANK_CARD,ON_HOLD,LOW,NONE,YES
IRS,TRUE,LOW,TRUE,FALSE,TRUE,FALSE,MEDIUM,BANK_CARD,ON_HOLD,LOW,NONE,YES
IRS,TRUE,LOW,TRUE,FALSE,TRUE,FALSE,MEDIUM,BANK_CARD,ON_HOLD,LOW,NONE,YES
IRS,TRUE,LOW,TRUE,FALSE,TRUE,FALSE,MEDIUM,BANK_CARD,ON_HOLD,LOW,NONE,YES
IRS,TRUE,LOW,TRUE,FALSE,TRUE,FALSE,MEDIUM,BANK_CARD,ON_HOLD,LOW,NONE,YES
IRS,TRUE,LOW,TRUE,FALSE,TRUE,FALSE,MEDIUM,BANK_CARD,ON_HOLD,LOW,NONE,YES
IRS,TRUE,LOW,TRUE,FALSE,TRUE,FALSE,MEDIUM,BANK_CARD,ON_HOLD,LOW,NONE,YES
IRS,TRUE,LOW,TRUE,FALSE,TRUE,FALSE,MEDIUM,BANK_CARD,ON_HOLD,LOW,NONE,YES
IRS,TRUE,LOW,TRUE,FALSE,TRUE,FALSE,MEDIUM,BANK_CARD,ON_HOLD,LOW,NONE,YES
IRS,TRUE,LOW,TRUE,FALSE,TRUE,FALSE,MEDIUM,BANK_CARD,ON_HOLD,LOW,NONE,YES
IRS,TRUE,LOW,TRUE,FALSE,TRUE,FALSE,MEDIUM,BANK_CARD,ON_HOLD,LOW,NONE,YES
IRS,TRUE,LOW,TRUE,FALSE,TRUE,FALSE,MEDIUM,BANK_CARD,ON_HOLD,LOW,NONE,YES
IRS,TRUE,LOW,TRUE,FALSE,TRUE,FALSE,MEDIUM,BANK_CARD,ON_HOLD,LOW,NONE,YES
IRS,TRUE,LOW,TRUE,FALSE,TRUE,FALSE,MEDIUM,BANK_CARD,ON_HOLD,LOW,NONE,YES
IRS,TRUE,LOW,TRUE,FALSE,TRUE,FALSE,MEDIUM,BANK_CARD,ON_HOLD,LOW,NONE,YES
IRS,TRUE,LOW,TRUE,FALSE,TRUE,FALSE,MEDIUM,BANK_CARD,ON_HOLD,LOW,NONE,YES
IRS,TRUE,LOW,TRUE,FALSE,TRUE,FALSE,MEDIUM,BANK_CARD,ON_HOLD,LOW,NONE,YES
IRS,TRUE,LOW,TRUE,FALSE,TRUE,FALSE,MEDIUM,BANK_CARD,ON_HOLD,LOW,NONE,YES
IRS,TRUE,LOW,TRUE,FALSE,TRUE,FALSE,MEDIUM,BANK_CARD,ON_HOLD,LOW,NONE,YES
IRS,TRUE,LOW,TRUE,FALSE,TRUE,FALSE,MEDIUM,BANK_CARD,MULTIPLE,LOW,NONE,YES
IRS,TRUE,LOW,TRUE,FALSE,TRUE,FALSE,MEDIUM,BANK_CARD,MULTIPLE,LOW,NONE,YES
IRS,TRUE,LOW,TRUE,FALSE,TRUE,FALSE,MEDIUM,BANK_CARD,MULTIPLE,LOW,NONE,YES
IRS,TRUE,LOW,TRUE,FALSE,TRUE,FALSE,MEDIUM,BANK_CARD,MULTIPLE,LOW,NONE,YES
IRS,TRUE,LOW,TRUE,FALSE,TRUE,FALSE,MEDIUM,BANK_CARD,MULTIPLE,LOW,NONE,YES
IRS,TRUE,LOW,TRUE,FALSE,TRUE,FALSE,MEDIUM,BANK_CARD,MULTIPLE,LOW,NONE,YES
IRS,TRUE,LOW,TRUE,FALSE,TRUE,FALSE,MEDIUM,BANK_CARD,MULTIPLE,LOW,NONE,YES
NOTIRS,FALSE,NONE,FALSE,FALSE,FALSE,FALSE,NONE,NONE,NONE,NONE,NONE,NO
NOTIRS,FALSE,NONE,FALSE,FALSE,FALSE,FALSE,NONE,NONE,NONE,NONE,NONE,NO
NOTIRS,FALSE,NONE,FALSE,FALSE,FALSE,FALSE,NONE,NONE,NONE,NONE,NONE,NO
NOTIRS,FALSE,NONE,FALSE,FALSE,FALSE,FALSE,NONE,NONE,NONE,NONE,NONE,NO
NOTIRS,FALSE,NONE,FALSE,FALSE,FALSE,FALSE,NONE,NONE,NONE,NONE,NONE,NO
NOTIRS,FALSE,NONE,FALSE,FALSE,FALSE,FALSE,NONE,NONE,NONE,NONE,NONE,NO
NOTIRS,FALSE,NONE,FALSE,FALSE,FALSE,FALSE,NONE,NONE,NONE,NONE,NONE,NO
NOTIRS,FALSE,NONE,FALSE,FALSE,FALSE,FALSE,NONE,NONE,RECORD,NONE,NONE,NO
NOTIRS,FALSE,NONE,FALSE,FALSE,FALSE,FALSE,NONE,NONE,RECORD,NONE,NONE,NO
NOTIRS,FALSE,NONE,FALSE,FALSE,FALSE,FALSE,NONE,NONE,RECORD,NONE,NONE,NO
NOTIRS,FALSE,NONE,FALSE,FALSE,FALSE,FALSE,NONE,NONE,RECORD,NONE,NONE,NO
NOTIRS,TRUE,LOW,FALSE,FALSE,FALSE,FALSE,NONE,NONE,RECORD,NONE,NONE,NO
NOTIRS,TRUE,LOW,FALSE,FALSE,FALSE,FALSE,NONE,NONE,RECORD,NONE,NONE,NO
NOTIRS,TRUE,MEDIUM,FALSE,FALSE,FALSE,FALSE,NONE,NONE,RECORD,NONE,NONE,NO
IRS,TRUE,HIGH,FALSE,FALSE,FALSE,FALSE,NONE,NONE,RECORD,NONE,NONE,NO
IRS,TRUE,HIGH,FALSE,FALSE,FALSE,FALSE,NONE,NONE,RECORD,NONE,NONE,NO
IRS,TRUE,HIGH,FALSE,FALSE,FALSE,FALSE,MEDIUM,NONE,RECORD,NONE,NONE,YES
IRS,TRUE,HIGH,FALSE,FALSE,FALSE,FALSE,MEDIUM,NONE,RECORD,NONE,NONE,YES
IRS,TRUE,HIGH,FALSE,FALSE,FALSE,FALSE,MEDIUM,NONE,RECORD,NONE,NONE,YES
IRS,TRUE,HIGH,FALSE,FALSE,FALSE,FALSE,MEDIUM,NONE,RECORD,NONE,NONE,YES
IRS,TRUE,HIGH,FALSE,FALSE,FALSE,FALSE,MEDIUM,NONE,RECORD,NONE,NONE,YES
IRS,TRUE,HIGH,FALSE,FALSE,FALSE,FALSE,MEDIUM,NONE,RECORD,NONE,NONE,YES
IRS,TRUE,HIGH,FALSE,FALSE,FALSE,FALSE,MEDIUM,NONE,RECORD,NONE,NONE,YES
IRS,TRUE,HIGH,FALSE,FALSE,FALSE,FALSE,MEDIUM,NONE,RECORD,NONE,NONE,YES
IRS,TRUE,HIGH,FALSE,FALSE,FALSE,FALSE,MEDIUM,NONE,RECORD,NONE,NONE,YES
IRS,TRUE,HIGH,FALSE,FALSE,FALSE,FALSE,MEDIUM,NONE,RECORD,NONE,NONE,YES
IRS,TRUE,HIGH,FALSE,FALSE,FALSE,FALSE,MEDIUM,NONE,RECORD,NONE,NONE,YES
IRS,TRUE,HIGH,FALSE,FALSE,FALSE,FALSE,MEDIUM,NONE,RECORD,NONE,NONE,YES
IRS,TRUE,HIGH,FALSE,FALSE,FALSE,FALSE,MEDIUM,NONE,RECORD,LOW,NONE,YES
IRS,TRUE,HIGH,FALSE,FALSE,FALSE,FALSE,MEDIUM,NONE,RECORD,MEDIUM,NONE,YES
IRS,TRUE,HIGH,FALSE,FALSE,FALSE,FALSE,MEDIUM,NONE,RECORD,MEDIUM,NONE,YES
IRS,TRUE,HIGH,FALSE,FALSE,FALSE,FALSE,MEDIUM,NONE,RECORD,MEDIUM,NONE,YES
IRS,TRUE,HIGH,FALSE,FALSE,FALSE,FALSE,MEDIUM,NONE,RECORD,MEDIUM,NONE,YES
IRS,TRUE,HIGH,FALSE,FALSE,FALSE,FALSE,MEDIUM,NONE,RECORD,MEDIUM,NONE,YES
IRS,TRUE,HIGH,FALSE,FALSE,FALSE,FALSE,MEDIUM,NONE,RECORD,MEDIUM,NONE,YES
IRS,TRUE,HIGH,FALSE,FALSE,FALSE,FALSE,MEDIUM,NONE,RECORD,MEDIUM,NONE,YES
IRS,TRUE,HIGH,FALSE,FALSE,FALSE,FALSE,MEDIUM,NONE,RECORD,MEDIUM,NONE,YES
IRS,TRUE,HIGH,FALSE,FALSE,TRUE,TRUE,MEDIUM,NONE,RECORD,MEDIUM,NONE,YES
IRS,TRUE,HIGH,FALSE,FALSE,TRUE,TRUE,MEDIUM,NONE,RECORD,MEDIUM,NONE,YES
IRS,TRUE,HIGH,FALSE,FALSE,TRUE,TRUE,MEDIUM,BANK_CARD,RECORD,MEDIUM,NONE,YES
IRS,TRUE,HIGH,FALSE,FALSE,TRUE,TRUE,MEDIUM,BANK_CARD,RECORD,MEDIUM,NONE,YES
IRS,TRUE,HIGH,FALSE,FALSE,TRUE,TRUE,MEDIUM,BANK_CARD,RECORD,MEDIUM,NONE,YES
IRS,TRUE,HIGH,FALSE,FALSE,TRUE,TRUE,MEDIUM,BANK_CARD,RECORD,MEDIUM,NONE,YES
IRS,TRUE,HIGH,FALSE,FALSE,TRUE,TRUE,MEDIUM,BANK_CARD,RECORD,MEDIUM,NONE,YES
IRS,TRUE,HIGH,FALSE,FALSE,TRUE,TRUE,MEDIUM,BANK_CARD,RECORD,MEDIUM,NONE,YES
IRS,TRUE,HIGH,FALSE,FALSE,TRUE,TRUE,MEDIUM,BANK_CARD,RECORD,MEDIUM,NONE,YES
IRS,TRUE,HIGH,FALSE,FALSE,TRUE,TRUE,MEDIUM,BANK_CARD,RECORD,MEDIUM,NONE,YES
IRS,TRUE,HIGH,FALSE,FALSE,TRUE,TRUE,MEDIUM,BANK_CARD,RECORD,MEDIUM,NONE,YES
IRS,TRUE,HIGH,FALSE,FALSE,TRUE,TRUE,MEDIUM,BANK_CARD,RECORD,MEDIUM,NONE,YES
IRS,TRUE,HIGH,FALSE,FALSE,TRUE,TRUE,MEDIUM,BANK_CARD,RECORD,MEDIUM,NONE,YES
IRS,TRUE,HIGH,FALSE,FALSE,TRUE,TRUE,MEDIUM,BANK_CARD,RECORD,MEDIUM,NONE,YES
IRS,TRUE,HIGH,FALSE,FALSE,TRUE,TRUE,MEDIUM,BANK_CARD,RECORD,MEDIUM,NONE,YES
IRS,TRUE,HIGH,FALSE,FALSE,TRUE,TRUE,MEDIUM,BANK_CARD,RECORD,MEDIUM,NONE,YES
IRS,TRUE,HIGH,FALSE,FALSE,TRUE,TRUE,MEDIUM,BANK_CARD,RECORD,MEDIUM,NONE,YES
IRS,TRUE,HIGH,FALSE,FALSE,TRUE,TRUE,MEDIUM,BANK_CARD,RECORD,MEDIUM,NONE,YES
IRS,TRUE,HIGH,FALSE,FALSE,TRUE,TRUE,MEDIUM,BANK_CARD,RECORD,MEDIUM,NONE,YES
IRS,TRUE,HIGH,FALSE,FALSE,TRUE,TRUE,MEDIUM,BANK_CARD,RECORD,MEDIUM,NONE,YES
IRS,TRUE,HIGH,FALSE,FALSE,TRUE,TRUE,MEDIUM,BANK_CARD,RECORD,MEDIUM,NONE,YES
IRS,TRUE,HIGH,FALSE,FALSE,TRUE,TRUE,MEDIUM,BANK_CARD,RECORD,MEDIUM,NONE,YES
IRS,TRUE,HIGH,FALSE,FALSE,TRUE,TRUE,MEDIUM,BANK_CARD,RECORD,MEDIUM,NONE,YES
IRS,TRUE,HIGH,TRUE,FALSE,TRUE,TRUE,MEDIUM,BANK_CARD,RECORD,MEDIUM,NONE,YES
IRS,TRUE,HIGH,TRUE,FALSE,TRUE,TRUE,MEDIUM,BANK_CARD,RECORD,MEDIUM,NONE,YES
IRS,TRUE,HIGH,TRUE,FALSE,TRUE,TRUE,MEDIUM,BANK_CARD,RECORD,MEDIUM,NONE,YES
IRS,TRUE,HIGH,TRUE,FALSE,TRUE,TRUE,MEDIUM,BANK_CARD,RECORD,MEDIUM,NONE,YES
IRS,TRUE,HIGH,TRUE,FALSE,TRUE,TRUE,MEDIUM,BANK_CARD,RECORD,MEDIUM,NONE,YES
IRS,TRUE,HIGH,TRUE,FALSE,TRUE,TRUE,MEDIUM,BANK_CARD,RECORD,MEDIUM,NONE,YES
IRS,TRUE,HIGH,TRUE,FALSE,TRUE,TRUE,MEDIUM,BANK_CARD,RECORD,MEDIUM,NONE,YES
IRS,TRUE,HIGH,TRUE,FALSE,TRUE,TRUE,MEDIUM,BANK_CARD,RECORD,MEDIUM,NONE,YES
IRS,TRUE,HIGH,TRUE,FALSE,TRUE,TRUE,MEDIUM,BANK_CARD,RECORD,MEDIUM,NONE,YES
IRS,TRUE,HIGH,TRUE,FALSE,TRUE,TRUE,MEDIUM,BANK_CARD,RECORD,MEDIUM,NONE,YES
IRS,TRUE,HIGH,TRUE,FALSE,TRUE,TRUE,MEDIUM,BANK_CARD,RECORD,MEDIUM,NONE,YES
IRS,TRUE,HIGH,TRUE,FALSE,TRUE,TRUE,MEDIUM,BANK_CARD,RECORD,MEDIUM,NONE,YES
IRS,TRUE,HIGH,TRUE,FALSE,TRUE,TRUE,MEDIUM,BANK_CARD,RECORD,MEDIUM,NONE,YES
IRS,TRUE,HIGH,TRUE,FALSE,TRUE,TRUE,MEDIUM,BANK_CARD,RECORD,MEDIUM,NONE,YES
IRS,TRUE,HIGH,TRUE,FALSE,TRUE,TRUE,MEDIUM,BANK_CARD,RECORD,MEDIUM,NONE,YES
IRS,TRUE,HIGH,TRUE,FALSE,TRUE,TRUE,MEDIUM,BANK_CARD,RECORD,MEDIUM,NONE,YES
IRS,TRUE,HIGH,TRUE,FALSE,TRUE,TRUE,MEDIUM,BANK_CARD,RECORD,MEDIUM,NONE,YES
IRS,TRUE,HIGH,TRUE,FALSE,TRUE,TRUE,MEDIUM,BANK_CARD,RECORD,MEDIUM,NONE,YES
IRS,TRUE,HIGH,TRUE,FALSE,TRUE,TRUE,MEDIUM,BANK_CARD,RECORD,MEDIUM,NONE,YES
IRS,TRUE,HIGH,TRUE,FALSE,TRUE,TRUE,MEDIUM,BANK_CARD,RECORD,MEDIUM,NONE,YES
IRS,TRUE,HIGH,TRUE,FALSE,TRUE,TRUE,MEDIUM,BANK_CARD,RECORD,MEDIUM,NONE,YES
IRS,TRUE,HIGH,TRUE,FALSE,TRUE,TRUE,MEDIUM,BANK_CARD,RECORD,MEDIUM,NONE,YES
IRS,TRUE,HIGH,TRUE,FALSE,TRUE,TRUE,MEDIUM,BANK_CARD,RECORD,MEDIUM,NONE,YES
NOTIRS,FALSE,NONE,FALSE,FALSE,FALSE,FALSE,NONE,NONE,NONE,NONE,NONE,NO
NOTIRS,FALSE,NONE,FALSE,FALSE,FALSE,FALSE,NONE,NONE,NONE,NONE,NONE,NO
NOTIRS,FALSE,NONE,FALSE,FALSE,FALSE,FALSE,NONE,NONE,NONE,NONE,NONE,NO
NOTIRS,FALSE,NONE,TRUE,FALSE,TRUE,FALSE,NONE,NONE,NONE,NONE,NONE,NO
NOTIRS,FALSE,NONE,TRUE,FALSE,TRUE,FALSE,NONE,NONE,NONE,NONE,NONE,NO
NOTIRS,FALSE,NONE,TRUE,FALSE,TRUE,FALSE,NONE,NONE,NONE,NONE,NONE,NO
NOTIRS,FALSE,NONE,TRUE,FALSE,TRUE,FALSE,NONE,NONE,NONE,NONE,NONE,NO
NOTIRS,FALSE,NONE,TRUE,FALSE,TRUE,FALSE,NONE,NONE,NONE,NONE,NONE,NO
NOTIRS,FALSE,NONE,TRUE,FALSE,TRUE,FALSE,NONE,NONE,NONE,NONE,NONE,NO
NOTIRS,FALSE,NONE,TRUE,FALSE,TRUE,FALSE,NONE,NONE,RECORD,LOW,NONE,NO
IRS,TRUE,LOW,TRUE,FALSE,TRUE,FALSE,NONE,NONE,RECORD,LOW,NONE,NO
IRS,TRUE,MEDIUM,TRUE,FALSE,TRUE,FALSE,NONE,NONE,RECORD,LOW,NONE,NO
IRS,TRUE,MEDIUM,TRUE,FALSE,TRUE,FALSE,NONE,NONE,RECORD,LOW,NONE,NO
IRS,TRUE,MEDIUM,TRUE,FALSE,TRUE,FALSE,NONE,NONE,RECORD,LOW,NONE,NO
IRS,TRUE,MEDIUM,TRUE,FALSE,TRUE,FALSE,NONE,NONE,RECORD,LOW,NONE,NO
IRS,TRUE,MEDIUM,TRUE,FALSE,TRUE,FALSE,NONE,NONE,RECORD,LOW,NONE,NO
IRS,TRUE,MEDIUM,TRUE,FALSE,TRUE,FALSE,NONE,NONE,RECORD,LOW,NONE,NO
IRS,TRUE,MEDIUM,TRUE,FALSE,TRUE,FALSE,NONE,NONE,RECORD,LOW,NONE,NO
IRS,TRUE,MEDIUM,TRUE,FALSE,TRUE,FALSE,NONE,NONE,RECORD,LOW,NONE,NO
IRS,TRUE,MEDIUM,TRUE,FALSE,TRUE,FALSE,NONE,NONE,RECORD,LOW,NONE,NO
IRS,TRUE,MEDIUM,TRUE,FALSE,TRUE,FALSE,HIGH,NONE,RECORD,LOW,NONE,NO
IRS,TRUE,MEDIUM,TRUE,TRUE,TRUE,FALSE,HIGH,NONE,RECORD,LOW,NONE,YES
IRS,TRUE,MEDIUM,TRUE,TRUE,TRUE,FALSE,HIGH,NONE,MULTIPLE,LOW,NONE,YES
IRS,TRUE,MEDIUM,TRUE,TRUE,TRUE,TRUE,HIGH,NONE,MULTIPLE,LOW,NONE,YES
IRS,TRUE,MEDIUM,TRUE,TRUE,TRUE,TRUE,HIGH,NONE,MULTIPLE,LOW,NONE,YES
IRS,TRUE,MEDIUM,TRUE,TRUE,TRUE,TRUE,HIGH,NONE,MULTIPLE,LOW,NONE,YES
IRS,TRUE,MEDIUM,TRUE,TRUE,TRUE,TRUE,HIGH,NONE,MULTIPLE,LOW,NONE,YES
IRS,TRUE,MEDIUM,TRUE,TRUE,TRUE,TRUE,HIGH,NONE,MULTIPLE,LOW,NONE,YES
IRS,TRUE,MEDIUM,TRUE,TRUE,TRUE,TRUE,HIGH,NONE,MULTIPLE,LOW,NONE,YES
IRS,TRUE,MEDIUM,TRUE,TRUE,TRUE,TRUE,HIGH,NONE,MULTIPLE,LOW,NONE,YES
IRS,TRUE,MEDIUM,TRUE,TRUE,TRUE,TRUE,HIGH,NONE,MULTIPLE,LOW,NONE,YES
IRS,TRUE,MEDIUM,TRUE,TRUE,TRUE,TRUE,HIGH,NONE,MULTIPLE,LOW,NONE,YES
IRS,TRUE,MEDIUM,TRUE,TRUE,TRUE,TRUE,HIGH,NONE,MULTIPLE,LOW,NONE,YES
IRS,TRUE,MEDIUM,TRUE,TRUE,TRUE,TRUE,HIGH,NONE,MULTIPLE,LOW,NONE,YES
IRS,TRUE,MEDIUM,TRUE,TRUE,TRUE,TRUE,HIGH,NONE,MULTIPLE,LOW,NONE,YES
IRS,TRUE,MEDIUM,TRUE,TRUE,TRUE,TRUE,HIGH,NONE,MULTIPLE,LOW,NONE,YES
IRS,TRUE,MEDIUM,TRUE,TRUE,TRUE,TRUE,HIGH,NONE,MULTIPLE,LOW,NONE,YES
IRS,TRUE,MEDIUM,TRUE,TRUE,TRUE,TRUE,HIGH,NONE,MULTIPLE,LOW,NONE,YES
IRS,TRUE,MEDIUM,TRUE,TRUE,TRUE,TRUE,HIGH,NONE,MULTIPLE,LOW,NONE,YES
IRS,TRUE,MEDIUM,TRUE,TRUE,TRUE,TRUE,HIGH,NONE,MULTIPLE,LOW,NONE,YES
IRS,TRUE,MEDIUM,TRUE,TRUE,TRUE,TRUE,HIGH,NONE,MULTIPLE,LOW,NONE,YES
IRS,TRUE,MEDIUM,TRUE,TRUE,TRUE,TRUE,HIGH,NONE,MULTIPLE,LOW,NONE,YES
IRS,TRUE,MEDIUM,TRUE,TRUE,TRUE,TRUE,HIGH,NONE,MULTIPLE,LOW,NONE,YES
IRS,TRUE,MEDIUM,TRUE,TRUE,TRUE,TRUE,HIGH,NONE,MULTIPLE,LOW,NONE,YES
IRS,TRUE,MEDIUM,TRUE,TRUE,TRUE,TRUE,HIGH,NONE,MULTIPLE,LOW,NONE,YES
IRS,TRUE,MEDIUM,TRUE,TRUE,TRUE,TRUE,HIGH,NONE,MULTIPLE,LOW,NONE,YES
IRS,TRUE,MEDIUM,TRUE,TRUE,TRUE,TRUE,HIGH,NONE,MULTIPLE,LOW,NONE,YES
IRS,TRUE,MEDIUM,TRUE,TRUE,TRUE,TRUE,HIGH,NONE,MULTIPLE,LOW,NONE,YES
IRS,TRUE,MEDIUM,TRUE,TRUE,TRUE,TRUE,HIGH,NONE,MULTIPLE,LOW,NONE,YES
